-- phpMyAdmin SQL Dump
-- version 5.2.0
-- https://www.phpmyadmin.net/
--
-- Host: 127.0.0.1
-- Generation Time: Jun 02, 2022 at 07:37 PM
-- Server version: 10.4.24-MariaDB
-- PHP Version: 8.1.6

SET SQL_MODE = "NO_AUTO_VALUE_ON_ZERO";
START TRANSACTION;
SET time_zone = "+00:00";


/*!40101 SET @OLD_CHARACTER_SET_CLIENT=@@CHARACTER_SET_CLIENT */;
/*!40101 SET @OLD_CHARACTER_SET_RESULTS=@@CHARACTER_SET_RESULTS */;
/*!40101 SET @OLD_COLLATION_CONNECTION=@@COLLATION_CONNECTION */;
/*!40101 SET NAMES utf8mb4 */;

--
-- Database: `manga`
--

-- --------------------------------------------------------

--
-- Table structure for table `manga`
--

CREATE TABLE `manga` (
  `manga_id` int(11) NOT NULL,
  `title` varchar(100) NOT NULL,
  `cover` varchar(100) NOT NULL,
  `description` mediumtext NOT NULL
) ENGINE=InnoDB DEFAULT CHARSET=utf8mb4;

--
-- Dumping data for table `manga`
--

INSERT INTO `manga` (`manga_id`, `title`, `cover`, `description`) VALUES
(2, 'Oshi No Ko', 'manga\\Oshi_No_Ko\\cover.jpg', 'Sixteen-year-old Ai Hoshino is a talented and beautiful idol who is adored by her fans. She is the personification of a pure, young maiden. But all that glitters is not gold.\r\n\r\nGorou Honda is a countryside gynecologist and a big fan of Ai. So when the pregnant idol shows up at his hospital, he is beyond bewildered. Gorou promises her a safe delivery. Little does he know, an encounter with a mysterious figure would result in his untimely death—or so he thought.\r\n\r\nOpening his eyes in the lap of his beloved idol, Gorou finds that he has been reborn as Aquamarine Hoshino—Ai\'s newborn son! With his world turned upside down, Gorou soon learns that the world of showbiz is paved with thorns, where talent does not always beget success. Will he manage to protect Ai\'s smile that he loves so much with the help of an eccentric and unexpected ally?'),
(3, 'Boku dake ga Inai Machi', 'manga\\Boku_dake_ga_Inai_Machi\\cover.png', 'Satoru Fujinuma is a 29-year-old who works part-time as a pizza deliveryman in order to make ends meet due to his unsuccessful career as a mangaka. But there is more to this struggling adult than meets the eye, as he possesses a mysterious ability which takes him back in time right before a life-threatening incident occurs. When \"Revival,\" as he calls it, triggers, it will continue to send him back again and again until he is able to save the lives of the individuals involved.\r\n\r\nBut Satoru\'s life is about to take a turn for the worse when a loved one is killed by an unknown man and he is framed for the crime. Desperate to get away so that he can assess his situation, he is inexplicably sent 18 years into the past—right before the disappearance and death of his classmate, Kayo Hinazuki, an event that has plagued him since childhood.\r\n\r\nSatoru, now an elementary school student, must get his wits together and save the young girl from an untimely demise by figuring out the identity of the person responsible. But just how is Kayo\'s murder connected to the present?'),
(4, 'Oyasumi Punpun', 'manga\\Goodnight_Punpun\\cover.jpg', 'Punpun Onodera is a normal 11-year-old boy living in Japan. Hopelessly idealistic and romantic, Punpun begins to see his life take a subtle—though nonetheless startling—turn to the adult when he meets the new girl in his class, Aiko Tanaka. It is then that the quiet boy learns just how fickle maintaining a relationship can be, and the surmounting difficulties of transitioning from a naïve boyhood to a convoluted adulthood. When his father assaults his mother one night, Punpun realizes another thing: those whom he looked up to were not as impressive as he once thought.\r\n\r\nAs his problems increase, Punpun\'s once shy demeanor turns into voluntary reclusiveness. Rather than curing him of his problems and conflicting emotions, this merely intensifies them, sending him down the dark path of maturity in this grim coming-of-age saga.'),
(5, 'Kubo-san wa Mob wo Yurusanai', 'manga\\Kubo-san_wa_Bob_wo_Yurusanai\\cover.jpg', 'High school student Junta Shiraishi has a simple goal—to live a fulfilling youth. However, achieving this goal appears to be harder than expected, as everyone in his surroundings often fails to notice him due to his lack of presence. In fact, Shiraishi\'s lack of presence is so severe that people think his seat in class is always empty, and mistakenly assume that he often skips school. There is even a weird rumor spreading around in class, claiming that those who successfully spot Shiraishi will be blessed with good fortune for the day.\r\n\r\nSo far, the only person who notices his existence is Nagisa Kubo, the girl seated next to him. Unfortunately for him though, Kubo likes to tease him on a daily basis and often puts him into unprecedented and nerve-wracking situations. However, as Kubo\'s playful antics continue to involve the reluctant Shiraishi, he may soon discover that his youth might not be as boring as he initially thought.'),
(6, 'Sono Bisque Doll wa Koi wo Suru', 'manga\\Sono_Bisque_Doll_wa_Koi_wo_suru\\cover.jpg', 'Engrossed in the family business of traditional doll making, Wakana Gojou is a reserved high school freshman without friends. Harboring painful memories of a childhood friend\'s disdain toward his interest, Gojou cannot relate to his classmates and their pastimes, eventually isolating himself.\r\n\r\nGojou has yet to perfect his crafting of dolls\' faces, but is exceptionally skilled at making their clothes. His finesse with the sewing machine is soon discovered by his beautiful classmate Marin Kitagawa, whose boldness and honesty Gojou both admires and envies. Instantly, she shares with Gojou her own hobby: she likes to cosplay as characters from erotic video games.\r\n\r\nHowever, Kitagawa cannot sew her own costumes, leading her to seek Gojou\'s expertise. Now, as he is dragged along to the charming girl\'s endless cosplay-related affairs, Kitagawa becomes his first friend who fully accepts him. Thus, although polar opposites, their relationship slowly blossoms through their aptitude in helping each other in the intricate world of cosplay.'),
(7, 'Toki Doki', 'manga\\Toki_Doki\\cover.png', 'A heart can only beat so many times in a lifetime. Kokuhaku disease, a rare condition that weakens the heart, leaves the victim with less heartbeats and a shorter lifespan than normal. With the right device, the amount of heartbeats remaining can be measured.\r\n\r\nWhen Hato Iijima accidentally walks in on Hatsu Takagi changing her clothes, he sees this device attached to her chest. Hatsu has resigned herself to an uneventful and isolated life to avoid elevating her heart rate. However, she expresses her true desire—to freely and wholeheartedly experience every second she has left. Recognizing her wish, Hato swears to help her enjoy life to the fullest and make her heart beat like crazy.'),
(8, 'Wondance', 'manga\\WonDance\\cover.jpg', 'Kaboku Kotani lives by suppressing his own feelings and matching those around him. He ends up attracted to Hikari Wanda who doesn\'t mind how she\'s seen by others as she\'s fully immersed in dance. To dance with her, he\'ll take on dancing despite his inexperience!');

-- --------------------------------------------------------

--
-- Table structure for table `manga_chapter`
--

CREATE TABLE `manga_chapter` (
  `chap_id` int(11) NOT NULL,
  `chap_no` int(11) NOT NULL,
  `manga_id` int(11) NOT NULL,
  `chapter_title` varchar(100) NOT NULL
) ENGINE=InnoDB DEFAULT CHARSET=utf8mb4;

--
-- Dumping data for table `manga_chapter`
--

INSERT INTO `manga_chapter` (`chap_id`, `chap_no`, `manga_id`, `chapter_title`) VALUES
(5, 1, 3, 'Flashback May 2006'),
(6, 2, 3, 'Death Row Prisoner May 2006'),
(7, 3, 3, 'God of Death May 2006'),
(8, 4, 3, 'Attempted Kidnapping May 2006'),
(9, 5, 3, 'True Culprit May 2006'),
(10, 1, 2, ''),
(11, 2, 2, ''),
(12, 3, 2, ''),
(13, 4, 2, ''),
(14, 5, 2, ''),
(15, 1, 4, ''),
(16, 2, 4, ''),
(17, 3, 4, ''),
(18, 4, 4, ''),
(19, 5, 4, ''),
(20, 1, 5, ''),
(21, 2, 5, ''),
(22, 3, 5, ''),
(23, 4, 5, ''),
(24, 5, 5, ''),
(25, 1, 6, ''),
(26, 2, 6, ''),
(27, 3, 6, ''),
(28, 4, 6, ''),
(29, 5, 6, ''),
(30, 0, 7, 'Oneshot'),
(32, 1, 8, ''),
(33, 2, 8, ''),
(34, 3, 8, ''),
(35, 4, 8, ''),
(36, 5, 8, '');

-- --------------------------------------------------------

--
-- Table structure for table `manga_chapter_pages`
--

CREATE TABLE `manga_chapter_pages` (
  `id` int(11) NOT NULL,
  `name` varchar(200) NOT NULL,
  `file_dir` varchar(200) NOT NULL,
  `MCLink` int(11) NOT NULL
) ENGINE=InnoDB DEFAULT CHARSET=utf8mb4;

--
-- Dumping data for table `manga_chapter_pages`
--

INSERT INTO `manga_chapter_pages` (`id`, `name`, `file_dir`, `MCLink`) VALUES
(4, 'Boku_dake_ga_Inai_Machi-001-001', 'manga\\Boku_dake_ga_Inai_Machi\\01\\01.jpg', 5),
(5, 'Boku_dake_ga_Inai_Machi-001-002', 'manga\\Boku_dake_ga_Inai_Machi\\01\\02.jpg', 5),
(6, 'Boku_dake_ga_Inai_Machi-001-003', 'manga\\Boku_dake_ga_Inai_Machi\\01\\03.jpg', 5),
(7, 'Boku_dake_ga_Inai_Machi-001-004', 'manga\\Boku_dake_ga_Inai_Machi\\01\\04.jpg', 5),
(8, 'Boku_dake_ga_Inai_Machi-001-005', 'manga\\Boku_dake_ga_Inai_Machi\\01\\05.jpg', 5),
(9, 'Boku_dake_ga_Inai_Machi-001-006', 'manga\\Boku_dake_ga_Inai_Machi\\01\\06.jpg', 5),
(10, 'Boku_dake_ga_Inai_Machi-001-007', 'manga\\Boku_dake_ga_Inai_Machi\\01\\07.jpg', 5),
(11, 'Boku_dake_ga_Inai_Machi-001-008', 'manga\\Boku_dake_ga_Inai_Machi\\01\\08.jpg', 5),
(12, 'Boku_dake_ga_Inai_Machi-001-009', 'manga\\Boku_dake_ga_Inai_Machi\\01\\09.jpg', 5),
(13, 'Boku_dake_ga_Inai_Machi-001-010', 'manga\\Boku_dake_ga_Inai_Machi\\01\\10.jpg', 5),
(14, 'Boku_dake_ga_Inai_Machi-001-011', 'manga\\Boku_dake_ga_Inai_Machi\\01\\11.jpg', 5),
(15, 'Boku_dake_ga_Inai_Machi-001-012', 'manga\\Boku_dake_ga_Inai_Machi\\01\\12.jpg', 5),
(16, 'Boku_dake_ga_Inai_Machi-001-013', 'manga\\Boku_dake_ga_Inai_Machi\\01\\13.jpg', 5),
(17, 'Boku_dake_ga_Inai_Machi-001-014', 'manga\\Boku_dake_ga_Inai_Machi\\01\\14.jpg', 5),
(18, 'Boku_dake_ga_Inai_Machi-001-015', 'manga\\Boku_dake_ga_Inai_Machi\\01\\15.jpg', 5),
(19, 'Boku_dake_ga_Inai_Machi-001-016', 'manga\\Boku_dake_ga_Inai_Machi\\01\\16.jpg', 5),
(20, 'Boku_dake_ga_Inai_Machi-001-017', 'manga\\Boku_dake_ga_Inai_Machi\\01\\17.jpg', 5),
(21, 'Boku_dake_ga_Inai_Machi-001-018', 'manga\\Boku_dake_ga_Inai_Machi\\01\\18.jpg', 5),
(22, 'Boku_dake_ga_Inai_Machi-001-019', 'manga\\Boku_dake_ga_Inai_Machi\\01\\19.jpg', 5),
(23, 'Boku_dake_ga_Inai_Machi-001-020', 'manga\\Boku_dake_ga_Inai_Machi\\01\\20.jpg', 5),
(24, 'Boku_dake_ga_Inai_Machi-001-021', 'manga\\Boku_dake_ga_Inai_Machi\\01\\21.jpg', 5),
(25, 'Boku_dake_ga_Inai_Machi-001-022', 'manga\\Boku_dake_ga_Inai_Machi\\01\\22.jpg', 5),
(26, 'Boku_dake_ga_Inai_Machi-001-023', 'manga\\Boku_dake_ga_Inai_Machi\\01\\23.jpg', 5),
(27, 'Boku_dake_ga_Inai_Machi-001-024', 'manga\\Boku_dake_ga_Inai_Machi\\01\\24.jpg', 5),
(28, 'Boku_dake_ga_Inai_Machi-001-025', 'manga\\Boku_dake_ga_Inai_Machi\\01\\25.jpg', 5),
(29, 'Boku_dake_ga_Inai_Machi-001-026', 'manga\\Boku_dake_ga_Inai_Machi\\01\\26.jpg', 5),
(30, 'Boku_dake_ga_Inai_Machi-001-027', 'manga\\Boku_dake_ga_Inai_Machi\\01\\27.jpg', 5),
(31, 'Boku_dake_ga_Inai_Machi-001-028', 'manga\\Boku_dake_ga_Inai_Machi\\01\\28.jpg', 5),
(32, 'Boku_dake_ga_Inai_Machi-001-029', 'manga\\Boku_dake_ga_Inai_Machi\\01\\29.jpg', 5),
(33, 'Boku_dake_ga_Inai_Machi-001-030', 'manga\\Boku_dake_ga_Inai_Machi\\01\\30.jpg', 5),
(34, 'Boku_dake_ga_Inai_Machi-001-031', 'manga\\Boku_dake_ga_Inai_Machi\\01\\31.jpg', 5),
(35, 'Boku_dake_ga_Inai_Machi-001-032', 'manga\\Boku_dake_ga_Inai_Machi\\01\\32.jpg', 5),
(36, 'Boku_dake_ga_Inai_Machi-001-033', 'manga\\Boku_dake_ga_Inai_Machi\\01\\33.jpg', 5),
(37, 'Boku_dake_ga_Inai_Machi-001-034', 'manga\\Boku_dake_ga_Inai_Machi\\01\\34.jpg', 5),
(38, 'Boku_dake_ga_Inai_Machi-001-035', 'manga\\Boku_dake_ga_Inai_Machi\\01\\35.jpg', 5),
(39, 'Boku_dake_ga_Inai_Machi-001-036', 'manga\\Boku_dake_ga_Inai_Machi\\01\\36.jpg', 5),
(40, 'Boku_dake_ga_Inai_Machi-001-037', 'manga\\Boku_dake_ga_Inai_Machi\\01\\37.jpg', 5),
(41, 'Boku_dake_ga_Inai_Machi-001-038', 'manga\\Boku_dake_ga_Inai_Machi\\01\\38.jpg', 5),
(42, 'Boku_dake_ga_Inai_Machi-001-039', 'manga\\Boku_dake_ga_Inai_Machi\\01\\39.jpg', 5),
(43, 'Boku_dake_ga_Inai_Machi-001-040', 'manga\\Boku_dake_ga_Inai_Machi\\01\\40.jpg', 5),
(44, 'Boku_dake_ga_Inai_Machi-001-041', 'manga\\Boku_dake_ga_Inai_Machi\\01\\41.jpg', 5),
(45, 'Boku_dake_ga_Inai_Machi-001-042', 'manga\\Boku_dake_ga_Inai_Machi\\01\\42.jpg', 5),
(46, 'Boku_dake_ga_Inai_Machi-002-001\r\n', 'manga\\Boku_dake_ga_Inai_Machi\\02\\01.jpg', 6),
(47, 'Boku_dake_ga_Inai_Machi-002-002\r\n', 'manga\\Boku_dake_ga_Inai_Machi\\02\\02.jpg', 6),
(48, 'Boku_dake_ga_Inai_Machi-002-003\r\n', 'manga\\Boku_dake_ga_Inai_Machi\\02\\03.jpg', 6),
(49, 'Boku_dake_ga_Inai_Machi-002-004\r\n', 'manga\\Boku_dake_ga_Inai_Machi\\02\\04.jpg', 6),
(50, 'Boku_dake_ga_Inai_Machi-002-005\r\n', 'manga\\Boku_dake_ga_Inai_Machi\\02\\05.jpg', 6),
(51, 'Boku_dake_ga_Inai_Machi-002-006\r\n', 'manga\\Boku_dake_ga_Inai_Machi\\02\\06.jpg', 6),
(52, 'Boku_dake_ga_Inai_Machi-002-007\r\n', 'manga\\Boku_dake_ga_Inai_Machi\\02\\07.jpg', 6),
(53, 'Boku_dake_ga_Inai_Machi-002-008\r\n', 'manga\\Boku_dake_ga_Inai_Machi\\02\\08.jpg', 6),
(54, 'Boku_dake_ga_Inai_Machi-002-009\r\n', 'manga\\Boku_dake_ga_Inai_Machi\\02\\09.jpg', 6),
(55, 'Boku_dake_ga_Inai_Machi-002-010\r\n', 'manga\\Boku_dake_ga_Inai_Machi\\02\\10.jpg', 6),
(56, 'Boku_dake_ga_Inai_Machi-002-011\r\n', 'manga\\Boku_dake_ga_Inai_Machi\\02\\11.jpg', 6),
(57, 'Boku_dake_ga_Inai_Machi-002-012\r\n', 'manga\\Boku_dake_ga_Inai_Machi\\02\\12.jpg', 6),
(58, 'Boku_dake_ga_Inai_Machi-002-013\r\n', 'manga\\Boku_dake_ga_Inai_Machi\\02\\13.jpg', 6),
(59, 'Boku_dake_ga_Inai_Machi-002-014\r\n', 'manga\\Boku_dake_ga_Inai_Machi\\02\\14.jpg', 6),
(60, 'Boku_dake_ga_Inai_Machi-002-015\r\n', 'manga\\Boku_dake_ga_Inai_Machi\\02\\15.jpg', 6),
(61, 'Boku_dake_ga_Inai_Machi-002-016\r\n', 'manga\\Boku_dake_ga_Inai_Machi\\02\\16.jpg', 6),
(62, 'Boku_dake_ga_Inai_Machi-002-017\r\n', 'manga\\Boku_dake_ga_Inai_Machi\\02\\17.jpg', 6),
(63, 'Boku_dake_ga_Inai_Machi-002-018\r\n', 'manga\\Boku_dake_ga_Inai_Machi\\02\\18.jpg', 6),
(64, 'Boku_dake_ga_Inai_Machi-002-019\r\n', 'manga\\Boku_dake_ga_Inai_Machi\\02\\19.jpg', 6),
(65, 'Boku_dake_ga_Inai_Machi-002-020\r\n', 'manga\\Boku_dake_ga_Inai_Machi\\02\\20.jpg', 6),
(66, 'Boku_dake_ga_Inai_Machi-002-021\r\n', 'manga\\Boku_dake_ga_Inai_Machi\\02\\21.jpg', 6),
(67, 'Boku_dake_ga_Inai_Machi-002-022\r\n', 'manga\\Boku_dake_ga_Inai_Machi\\02\\22.jpg', 6),
(68, 'Boku_dake_ga_Inai_Machi-002-023\r\n', 'manga\\Boku_dake_ga_Inai_Machi\\02\\23.jpg', 6),
(69, 'Boku_dake_ga_Inai_Machi-002-024\r\n', 'manga\\Boku_dake_ga_Inai_Machi\\02\\24.jpg', 6),
(70, 'Boku_dake_ga_Inai_Machi-002-025\r\n', 'manga\\Boku_dake_ga_Inai_Machi\\02\\25.jpg', 6),
(71, 'Boku_dake_ga_Inai_Machi-002-026\r\n', 'manga\\Boku_dake_ga_Inai_Machi\\02\\26.jpg', 6),
(72, 'Boku_dake_ga_Inai_Machi-002-027\r\n', 'manga\\Boku_dake_ga_Inai_Machi\\02\\27.jpg', 6),
(73, 'Boku_dake_ga_Inai_Machi-002-028\r\n', 'manga\\Boku_dake_ga_Inai_Machi\\02\\28.jpg', 6),
(74, 'Boku_dake_ga_Inai_Machi-003-001', 'manga\\Boku_dake_ga_Inai_Machi\\03\\01.jpg\r\n', 7),
(75, 'Boku_dake_ga_Inai_Machi-003-002', 'manga\\Boku_dake_ga_Inai_Machi\\03\\02.jpg\r\n', 7),
(76, 'Boku_dake_ga_Inai_Machi-003-003', 'manga\\Boku_dake_ga_Inai_Machi\\03\\03.jpg\r\n', 7),
(77, 'Boku_dake_ga_Inai_Machi-003-004', 'manga\\Boku_dake_ga_Inai_Machi\\03\\04.jpg\r\n', 7),
(78, 'Boku_dake_ga_Inai_Machi-003-005', 'manga\\Boku_dake_ga_Inai_Machi\\03\\05.jpg\r\n', 7),
(79, 'Boku_dake_ga_Inai_Machi-003-006', 'manga\\Boku_dake_ga_Inai_Machi\\03\\06.jpg\r\n', 7),
(80, 'Boku_dake_ga_Inai_Machi-003-007', 'manga\\Boku_dake_ga_Inai_Machi\\03\\07.jpg\r\n', 7),
(81, 'Boku_dake_ga_Inai_Machi-003-008', 'manga\\Boku_dake_ga_Inai_Machi\\03\\08.jpg\r\n', 7),
(82, 'Boku_dake_ga_Inai_Machi-003-009', 'manga\\Boku_dake_ga_Inai_Machi\\03\\09.jpg\r\n', 7),
(83, 'Boku_dake_ga_Inai_Machi-003-010', 'manga\\Boku_dake_ga_Inai_Machi\\03\\10.jpg\r\n', 7),
(84, 'Boku_dake_ga_Inai_Machi-003-011', 'manga\\Boku_dake_ga_Inai_Machi\\03\\11.jpg\r\n', 7),
(85, 'Boku_dake_ga_Inai_Machi-003-012', 'manga\\Boku_dake_ga_Inai_Machi\\03\\12.jpg\r\n', 7),
(86, 'Boku_dake_ga_Inai_Machi-003-013', 'manga\\Boku_dake_ga_Inai_Machi\\03\\13.jpg\r\n', 7),
(87, 'Boku_dake_ga_Inai_Machi-003-014', 'manga\\Boku_dake_ga_Inai_Machi\\03\\14.jpg\r\n', 7),
(88, 'Boku_dake_ga_Inai_Machi-003-015', 'manga\\Boku_dake_ga_Inai_Machi\\03\\15.jpg\r\n', 7),
(89, 'Boku_dake_ga_Inai_Machi-003-016', 'manga\\Boku_dake_ga_Inai_Machi\\03\\16.jpg\r\n', 7),
(90, 'Boku_dake_ga_Inai_Machi-003-017', 'manga\\Boku_dake_ga_Inai_Machi\\03\\17.jpg\r\n', 7),
(91, 'Boku_dake_ga_Inai_Machi-003-018', 'manga\\Boku_dake_ga_Inai_Machi\\03\\18.jpg\r\n', 7),
(92, 'Boku_dake_ga_Inai_Machi-003-019', 'manga\\Boku_dake_ga_Inai_Machi\\03\\19.jpg\r\n', 7),
(93, 'Boku_dake_ga_Inai_Machi-003-020', 'manga\\Boku_dake_ga_Inai_Machi\\03\\20.jpg\r\n', 7),
(94, 'Boku_dake_ga_Inai_Machi-003-021', 'manga\\Boku_dake_ga_Inai_Machi\\03\\21.jpg\r\n', 7),
(95, 'Boku_dake_ga_Inai_Machi-003-022', 'manga\\Boku_dake_ga_Inai_Machi\\03\\22.jpg\r\n', 7),
(96, 'Boku_dake_ga_Inai_Machi-003-023', 'manga\\Boku_dake_ga_Inai_Machi\\03\\23.jpg\r\n', 7),
(97, 'Boku_dake_ga_Inai_Machi-003-024', 'manga\\Boku_dake_ga_Inai_Machi\\03\\24.jpg\r\n', 7),
(98, 'Boku_dake_ga_Inai_Machi-003-025', 'manga\\Boku_dake_ga_Inai_Machi\\03\\25.jpg\r\n', 7),
(99, 'Boku_dake_ga_Inai_Machi-003-026', 'manga\\Boku_dake_ga_Inai_Machi\\03\\26.jpg\r\n', 7),
(100, 'Boku_dake_ga_Inai_Machi-003-027', 'manga\\Boku_dake_ga_Inai_Machi\\03\\27.jpg\r\n', 7),
(101, 'Boku_dake_ga_Inai_Machi-003-028', 'manga\\Boku_dake_ga_Inai_Machi\\03\\28.jpg\r\n', 7),
(102, 'Boku_dake_ga_Inai_Machi-004-001', 'manga\\Boku_dake_ga_Inai_Machi\\04\\01.jpg', 8),
(103, 'Boku_dake_ga_Inai_Machi-004-002', 'manga\\Boku_dake_ga_Inai_Machi\\04\\02.jpg', 8),
(104, 'Boku_dake_ga_Inai_Machi-004-003', 'manga\\Boku_dake_ga_Inai_Machi\\04\\03.jpg', 8),
(105, 'Boku_dake_ga_Inai_Machi-004-004', 'manga\\Boku_dake_ga_Inai_Machi\\04\\04.jpg', 8),
(106, 'Boku_dake_ga_Inai_Machi-004-005', 'manga\\Boku_dake_ga_Inai_Machi\\04\\05.jpg', 8),
(107, 'Boku_dake_ga_Inai_Machi-004-006', 'manga\\Boku_dake_ga_Inai_Machi\\04\\06.jpg', 8),
(108, 'Boku_dake_ga_Inai_Machi-004-007', 'manga\\Boku_dake_ga_Inai_Machi\\04\\07.jpg', 8),
(109, 'Boku_dake_ga_Inai_Machi-004-008', 'manga\\Boku_dake_ga_Inai_Machi\\04\\08.jpg', 8),
(110, 'Boku_dake_ga_Inai_Machi-004-009', 'manga\\Boku_dake_ga_Inai_Machi\\04\\09.jpg', 8),
(111, 'Boku_dake_ga_Inai_Machi-004-010', 'manga\\Boku_dake_ga_Inai_Machi\\04\\10.jpg', 8),
(112, 'Boku_dake_ga_Inai_Machi-004-011', 'manga\\Boku_dake_ga_Inai_Machi\\04\\11.jpg', 8),
(113, 'Boku_dake_ga_Inai_Machi-004-012', 'manga\\Boku_dake_ga_Inai_Machi\\04\\12.jpg', 8),
(114, 'Boku_dake_ga_Inai_Machi-004-013', 'manga\\Boku_dake_ga_Inai_Machi\\04\\13.jpg', 8),
(115, 'Boku_dake_ga_Inai_Machi-004-014', 'manga\\Boku_dake_ga_Inai_Machi\\04\\14.jpg', 8),
(116, 'Boku_dake_ga_Inai_Machi-004-015', 'manga\\Boku_dake_ga_Inai_Machi\\04\\15.jpg', 8),
(117, 'Boku_dake_ga_Inai_Machi-004-016', 'manga\\Boku_dake_ga_Inai_Machi\\04\\16.jpg', 8),
(118, 'Boku_dake_ga_Inai_Machi-004-017', 'manga\\Boku_dake_ga_Inai_Machi\\04\\17.jpg', 8),
(119, 'Boku_dake_ga_Inai_Machi-004-018', 'manga\\Boku_dake_ga_Inai_Machi\\04\\18.jpg', 8),
(120, 'Boku_dake_ga_Inai_Machi-004-019', 'manga\\Boku_dake_ga_Inai_Machi\\04\\19.jpg', 8),
(121, 'Boku_dake_ga_Inai_Machi-004-020', 'manga\\Boku_dake_ga_Inai_Machi\\04\\20.jpg', 8),
(122, 'Boku_dake_ga_Inai_Machi-004-021', 'manga\\Boku_dake_ga_Inai_Machi\\04\\21.jpg', 8),
(123, 'Boku_dake_ga_Inai_Machi-004-022', 'manga\\Boku_dake_ga_Inai_Machi\\04\\22.jpg', 8),
(124, 'Boku_dake_ga_Inai_Machi-004-023', 'manga\\Boku_dake_ga_Inai_Machi\\04\\23.jpg', 8),
(125, 'Boku_dake_ga_Inai_Machi-004-024', 'manga\\Boku_dake_ga_Inai_Machi\\04\\24.jpg', 8),
(126, 'Boku_dake_ga_Inai_Machi-004-025', 'manga\\Boku_dake_ga_Inai_Machi\\04\\25.jpg', 8),
(127, 'Boku_dake_ga_Inai_Machi-004-026', 'manga\\Boku_dake_ga_Inai_Machi\\04\\26.jpg', 8),
(128, 'Boku_dake_ga_Inai_Machi-004-027', 'manga\\Boku_dake_ga_Inai_Machi\\04\\27.jpg', 8),
(129, 'Boku_dake_ga_Inai_Machi-004-028', 'manga\\Boku_dake_ga_Inai_Machi\\04\\28.jpg', 8),
(130, 'Boku_dake_ga_Inai_Machi-004-029', 'manga\\Boku_dake_ga_Inai_Machi\\04\\29.jpg', 8),
(131, 'Boku_dake_ga_Inai_Machi-004-020', 'manga\\Boku_dake_ga_Inai_Machi\\04\\30.jpg', 8),
(132, 'Boku_dake_ga_Inai_Machi-005-001', 'manga\\Boku_dake_ga_Inai_Machi\\05\\01.jpg\r\n', 9),
(133, 'Boku_dake_ga_Inai_Machi-005-002', 'manga\\Boku_dake_ga_Inai_Machi\\05\\02.jpg\r\n', 9),
(134, 'Boku_dake_ga_Inai_Machi-005-003', 'manga\\Boku_dake_ga_Inai_Machi\\05\\03.jpg\r\n', 9),
(135, 'Boku_dake_ga_Inai_Machi-005-004', 'manga\\Boku_dake_ga_Inai_Machi\\05\\04.jpg\r\n', 9),
(136, 'Boku_dake_ga_Inai_Machi-005-005', 'manga\\Boku_dake_ga_Inai_Machi\\05\\05.jpg\r\n', 9),
(137, 'Boku_dake_ga_Inai_Machi-005-006', 'manga\\Boku_dake_ga_Inai_Machi\\05\\06.jpg\r\n', 9),
(138, 'Boku_dake_ga_Inai_Machi-005-007', 'manga\\Boku_dake_ga_Inai_Machi\\05\\07.jpg\r\n', 9),
(139, 'Boku_dake_ga_Inai_Machi-005-008', 'manga\\Boku_dake_ga_Inai_Machi\\05\\08.jpg\r\n', 9),
(140, 'Boku_dake_ga_Inai_Machi-005-009', 'manga\\Boku_dake_ga_Inai_Machi\\05\\09.jpg\r\n', 9),
(141, 'Boku_dake_ga_Inai_Machi-005-010', 'manga\\Boku_dake_ga_Inai_Machi\\05\\10.jpg\r\n', 9),
(142, 'Boku_dake_ga_Inai_Machi-005-011', 'manga\\Boku_dake_ga_Inai_Machi\\05\\11.jpg\r\n', 9),
(143, 'Boku_dake_ga_Inai_Machi-005-012', 'manga\\Boku_dake_ga_Inai_Machi\\05\\12.jpg\r\n', 9),
(144, 'Boku_dake_ga_Inai_Machi-005-013', 'manga\\Boku_dake_ga_Inai_Machi\\05\\13.jpg\r\n', 9),
(145, 'Boku_dake_ga_Inai_Machi-005-014', 'manga\\Boku_dake_ga_Inai_Machi\\05\\14.jpg\r\n', 9),
(146, 'Boku_dake_ga_Inai_Machi-005-015', 'manga\\Boku_dake_ga_Inai_Machi\\05\\15.jpg\r\n', 9),
(147, 'Boku_dake_ga_Inai_Machi-005-016', 'manga\\Boku_dake_ga_Inai_Machi\\05\\16.jpg\r\n', 9),
(148, 'Boku_dake_ga_Inai_Machi-005-017', 'manga\\Boku_dake_ga_Inai_Machi\\05\\17.jpg\r\n', 9),
(149, 'Boku_dake_ga_Inai_Machi-005-018', 'manga\\Boku_dake_ga_Inai_Machi\\05\\18.jpg\r\n', 9),
(150, 'Boku_dake_ga_Inai_Machi-005-019', 'manga\\Boku_dake_ga_Inai_Machi\\05\\19.jpg\r\n', 9),
(151, 'Boku_dake_ga_Inai_Machi-005-020', 'manga\\Boku_dake_ga_Inai_Machi\\05\\20.jpg\r\n', 9),
(152, 'Boku_dake_ga_Inai_Machi-005-021', 'manga\\Boku_dake_ga_Inai_Machi\\05\\21.jpg\r\n', 9),
(153, 'Boku_dake_ga_Inai_Machi-005-022', 'manga\\Boku_dake_ga_Inai_Machi\\05\\22.jpg\r\n', 9),
(154, 'Boku_dake_ga_Inai_Machi-005-023', 'manga\\Boku_dake_ga_Inai_Machi\\05\\23.jpg\r\n', 9),
(155, 'Boku_dake_ga_Inai_Machi-005-024', 'manga\\Boku_dake_ga_Inai_Machi\\05\\24.jpg\r\n', 9),
(156, 'Boku_dake_ga_Inai_Machi-005-025', 'manga\\Boku_dake_ga_Inai_Machi\\05\\25.jpg\r\n', 9),
(157, 'Boku_dake_ga_Inai_Machi-005-026', 'manga\\Boku_dake_ga_Inai_Machi\\05\\26.jpg\r\n', 9),
(158, 'Boku_dake_ga_Inai_Machi-005-027', 'manga\\Boku_dake_ga_Inai_Machi\\05\\27.jpg\r\n', 9),
(159, 'Boku_dake_ga_Inai_Machi-005-028', 'manga\\Boku_dake_ga_Inai_Machi\\05\\28.jpg\r\n', 9),
(160, 'Boku_dake_ga_Inai_Machi-005-029', 'manga\\Boku_dake_ga_Inai_Machi\\05\\29.jpg\r\n', 9),
(161, 'Boku_dake_ga_Inai_Machi-005-030', 'manga\\Boku_dake_ga_Inai_Machi\\05\\30.jpg\r\n', 9),
(162, 'Boku_dake_ga_Inai_Machi-005-031', 'manga\\Boku_dake_ga_Inai_Machi\\05\\31.jpg\r\n', 9),
(163, 'Boku_dake_ga_Inai_Machi-005-032', 'manga\\Boku_dake_ga_Inai_Machi\\05\\32.jpg\r\n', 9),
(164, 'Oshi_No_Ko-001-001', 'manga\\Oshi_No_Ko\\001\\01.jpg', 10),
(165, 'Oshi_No_Ko-001-002', 'manga\\Oshi_No_Ko\\001\\02.jpg', 10),
(166, 'Oshi_No_Ko-001-003', 'manga\\Oshi_No_Ko\\001\\03.jpg', 10),
(167, 'Oshi_No_Ko-001-004', 'manga\\Oshi_No_Ko\\001\\04.jpg', 10),
(168, 'Oshi_No_Ko-001-005', 'manga\\Oshi_No_Ko\\001\\05.jpg', 10),
(169, 'Oshi_No_Ko-001-006', 'manga\\Oshi_No_Ko\\001\\06.jpg', 10),
(170, 'Oshi_No_Ko-001-007', 'manga\\Oshi_No_Ko\\001\\07.jpg', 10),
(171, 'Oshi_No_Ko-001-008', 'manga\\Oshi_No_Ko\\001\\08.jpg', 10),
(172, 'Oshi_No_Ko-001-009', 'manga\\Oshi_No_Ko\\001\\09.jpg', 10),
(173, 'Oshi_No_Ko-001-010', 'manga\\Oshi_No_Ko\\001\\10.jpg', 10),
(174, 'Oshi_No_Ko-001-011', 'manga\\Oshi_No_Ko\\001\\11.jpg', 10),
(175, 'Oshi_No_Ko-001-012', 'manga\\Oshi_No_Ko\\001\\12.jpg', 10),
(176, 'Oshi_No_Ko-001-013', 'manga\\Oshi_No_Ko\\001\\13.jpg', 10),
(177, 'Oshi_No_Ko-001-014', 'manga\\Oshi_No_Ko\\001\\14.jpg', 10),
(178, 'Oshi_No_Ko-001-015', 'manga\\Oshi_No_Ko\\001\\15.jpg', 10),
(179, 'Oshi_No_Ko-001-016', 'manga\\Oshi_No_Ko\\001\\16.jpg', 10),
(180, 'Oshi_No_Ko-001-017', 'manga\\Oshi_No_Ko\\001\\17.jpg', 10),
(181, 'Oshi_No_Ko-001-018', 'manga\\Oshi_No_Ko\\001\\18.jpg', 10),
(182, 'Oshi_No_Ko-001-019', 'manga\\Oshi_No_Ko\\001\\19.jpg', 10),
(183, 'Oshi_No_Ko-001-020', 'manga\\Oshi_No_Ko\\001\\20.jpg', 10),
(184, 'Oshi_No_Ko-001-021', 'manga\\Oshi_No_Ko\\001\\21.jpg', 10),
(185, 'Oshi_No_Ko-001-022', 'manga\\Oshi_No_Ko\\001\\22.jpg', 10),
(186, 'Oshi_No_Ko-001-023', 'manga\\Oshi_No_Ko\\001\\23.jpg', 10),
(187, 'Oshi_No_Ko-001-024', 'manga\\Oshi_No_Ko\\001\\24.jpg', 10),
(188, 'Oshi_No_Ko-001-025', 'manga\\Oshi_No_Ko\\001\\25.jpg', 10),
(189, 'Oshi_No_Ko-001-026', 'manga\\Oshi_No_Ko\\001\\26.jpg', 10),
(190, 'Oshi_No_Ko-001-027', 'manga\\Oshi_No_Ko\\001\\27.jpg', 10),
(191, 'Oshi_No_Ko-001-028', 'manga\\Oshi_No_Ko\\001\\28.jpg', 10),
(192, 'Oshi_No_Ko-001-029', 'manga\\Oshi_No_Ko\\001\\29.jpg', 10),
(193, 'Oshi_No_Ko-001-030', 'manga\\Oshi_No_Ko\\001\\30.jpg', 10),
(194, 'Oshi_No_Ko-001-031', 'manga\\Oshi_No_Ko\\001\\31.jpg', 10),
(195, 'Oshi_No_Ko-001-032', 'manga\\Oshi_No_Ko\\001\\32.jpg', 10),
(196, 'Oshi_No_Ko-001-033', 'manga\\Oshi_No_Ko\\001\\33.jpg', 10),
(197, 'Oshi_No_Ko-001-034', 'manga\\Oshi_No_Ko\\001\\34.jpg', 10),
(198, 'Oshi_No_Ko-001-035', 'manga\\Oshi_No_Ko\\001\\35.jpg', 10),
(199, 'Oshi_No_Ko-001-036', 'manga\\Oshi_No_Ko\\001\\36.jpg', 10),
(200, 'Oshi_No_Ko-001-037', 'manga\\Oshi_No_Ko\\001\\37.jpg', 10),
(201, 'Oshi_No_Ko-001-038', 'manga\\Oshi_No_Ko\\001\\38.jpg', 10),
(202, 'Oshi_No_Ko-001-039', 'manga\\Oshi_No_Ko\\001\\39.jpg', 10),
(203, 'Oshi_No_Ko-001-040', 'manga\\Oshi_No_Ko\\001\\40.jpg', 10),
(204, 'Oshi_No_Ko-001-041', 'manga\\Oshi_No_Ko\\001\\41.jpg', 10),
(205, 'Oshi_No_Ko-002-001', 'manga\\Oshi_No_Ko\\002\\01.jpg', 11),
(206, 'Oshi_No_Ko-002-002', 'manga\\Oshi_No_Ko\\002\\02.jpg', 11),
(207, 'Oshi_No_Ko-002-003', 'manga\\Oshi_No_Ko\\002\\03.jpg', 11),
(208, 'Oshi_No_Ko-002-004', 'manga\\Oshi_No_Ko\\002\\04.jpg', 11),
(209, 'Oshi_No_Ko-002-005', 'manga\\Oshi_No_Ko\\002\\05.jpg', 11),
(210, 'Oshi_No_Ko-002-006', 'manga\\Oshi_No_Ko0\\002\\06.jpg', 11),
(211, 'Oshi_No_Ko-002-007', 'manga\\Oshi_No_Ko\\002\\07.jpg', 11),
(212, 'Oshi_No_Ko-002-008', 'manga\\Oshi_No_Ko\\002\\08.jpg', 11),
(213, 'Oshi_No_Ko-002-009', 'manga\\Oshi_No_Ko\\002\\09.jpg', 11),
(214, 'Oshi_No_Ko-002-010', 'manga\\Oshi_No_Ko\\002\\10.jpg', 11),
(215, 'Oshi_No_Ko-002-011', 'manga\\Oshi_No_Ko\\002\\11.jpg', 11),
(216, 'Oshi_No_Ko-002-012', 'manga\\Oshi_No_Ko\\002\\12.jpg', 11),
(217, 'Oshi_No_Ko-002-013', 'manga\\Oshi_No_Ko\\002\\13.jpg', 11),
(218, 'Oshi_No_Ko-002-014', 'manga\\Oshi_No_Ko\\002\\14.jpg', 11),
(219, 'Oshi_No_Ko-002-015', 'manga\\Oshi_No_Ko\\002\\15.jpg', 11),
(220, 'Oshi_No_Ko-002-016', 'manga\\Oshi_No_Ko\\002\\16.jpg', 11),
(221, 'Oshi_No_Ko-002-017', 'manga\\Oshi_No_Ko\\002\\17.jpg', 11),
(222, 'Oshi_No_Ko-002-018', 'manga\\Oshi_No_Ko\\002\\18.jpg', 11),
(223, 'Oshi_No_Ko-002-019', 'manga\\Oshi_No_Ko\\002\\19.jpg', 11),
(224, 'Oshi_No_Ko-002-020', 'manga\\Oshi_No_Ko\\002\\20.jpg', 11),
(225, 'Oshi_No_Ko-002-021', 'manga\\Oshi_No_Ko\\002\\21.jpg', 11),
(226, 'Oshi_No_Ko-002-022', 'manga\\Oshi_No_Ko\\002\\22.jpg', 11),
(227, 'Oshi_No_Ko-002-023', 'manga\\Oshi_No_Ko\\002\\23.jpg', 11),
(228, 'Oshi_No_Ko-002-024', 'manga\\Oshi_No_Ko\\002\\24.jpg', 11),
(229, 'Oshi_No_Ko-002-025', 'manga\\Oshi_No_Ko\\002\\25.jpg', 11),
(230, 'Oshi_No_Ko-002-026', 'manga\\Oshi_No_Ko\\002\\26.jpg', 11),
(231, 'Oshi_No_Ko-003-001', 'manga\\Oshi_No_Ko\\003\\01.jpg', 12),
(232, 'Oshi_No_Ko-003-002', 'manga\\Oshi_No_Ko\\003\\02.jpg', 12),
(233, 'Oshi_No_Ko-003-003', 'manga\\Oshi_No_Ko\\003\\03.jpg', 12),
(234, 'Oshi_No_Ko-003-004', 'manga\\Oshi_No_Ko\\003\\04.jpg', 12),
(235, 'Oshi_No_Ko-003-005', 'manga\\Oshi_No_Ko\\003\\05.jpg', 12),
(236, 'Oshi_No_Ko-003-006', 'manga\\Oshi_No_Ko\\003\\06.jpg', 12),
(237, 'Oshi_No_Ko-003-007', 'manga\\Oshi_No_Ko\\003\\07.jpg', 12),
(238, 'Oshi_No_Ko-003-008', 'manga\\Oshi_No_Ko\\003\\08.jpg', 12),
(239, 'Oshi_No_Ko-003-009', 'manga\\Oshi_No_Ko\\003\\09.jpg', 12),
(240, 'Oshi_No_Ko-003-010', 'manga\\Oshi_No_Ko\\003\\10.jpg', 12),
(241, 'Oshi_No_Ko-003-011', 'manga\\Oshi_No_Ko\\003\\11.jpg', 12),
(242, 'Oshi_No_Ko-003-012', 'manga\\Oshi_No_Ko\\003\\12.jpg', 12),
(243, 'Oshi_No_Ko-003-013', 'manga\\Oshi_No_Ko\\003\\13.jpg', 12),
(244, 'Oshi_No_Ko-003-014', 'manga\\Oshi_No_Ko\\003\\14.jpg', 12),
(245, 'Oshi_No_Ko-003-015', 'manga\\Oshi_No_Ko\\003\\15.jpg', 12),
(246, 'Oshi_No_Ko-003-016', 'manga\\Oshi_No_Ko\\003\\16.jpg', 12),
(247, 'Oshi_No_Ko-003-017', 'manga\\Oshi_No_Ko\\003\\18.jpg', 12),
(248, 'Oshi_No_Ko-003-018', 'manga\\Oshi_No_Ko\\003\\19.jpg', 12),
(249, 'Oshi_No_Ko-003-019', 'manga\\Oshi_No_Ko\\003\\20.jpg', 12),
(250, 'Oshi_No_Ko-003-020', 'manga\\Oshi_No_Ko\\003\\21.jpg', 12),
(251, 'Oshi_No_Ko-003-021', 'manga\\Oshi_No_Ko\\003\\22.jpg', 12),
(252, 'Oshi_No_Ko-003-022', 'manga\\Oshi_No_Ko\\003\\23.jpg', 12),
(253, 'Oshi_No_Ko-003-023', 'manga\\Oshi_No_Ko\\003\\24.jpg', 12),
(254, 'Oshi_No_Ko-004-001', 'manga\\Oshi_No_Ko\\004\\01.jpg', 13),
(255, 'Oshi_No_Ko-004-002', 'manga\\Oshi_No_Ko\\004\\02.jpg', 13),
(256, 'Oshi_No_Ko-004-003', 'manga\\Oshi_No_Ko\\004\\03.jpg', 13),
(257, 'Oshi_No_Ko-004-004', 'manga\\Oshi_No_Ko\\004\\04.jpg', 13),
(258, 'Oshi_No_Ko-004-005', 'manga\\Oshi_No_Ko\\004\\05.jpg', 13),
(259, 'Oshi_No_Ko-004-006', 'manga\\Oshi_No_Ko\\004\\06.jpg', 13),
(260, 'Oshi_No_Ko-004-007', 'manga\\Oshi_No_Ko\\004\\07.jpg', 13),
(261, 'Oshi_No_Ko-004-008', 'manga\\Oshi_No_Ko\\004\\08.jpg', 13),
(262, 'Oshi_No_Ko-004-009', 'manga\\Oshi_No_Ko\\004\\09.jpg', 13),
(263, 'Oshi_No_Ko-004-010', 'manga\\Oshi_No_Ko\\004\\10.jpg', 13),
(264, 'Oshi_No_Ko-004-011', 'manga\\Oshi_No_Ko\\004\\11.jpg', 13),
(265, 'Oshi_No_Ko-004-012', 'manga\\Oshi_No_Ko\\004\\12.jpg', 13),
(266, 'Oshi_No_Ko-004-013', 'manga\\Oshi_No_Ko\\004\\13.jpg', 13),
(267, 'Oshi_No_Ko-004-014', 'manga\\Oshi_No_Ko\\004\\14.jpg', 13),
(268, 'Oshi_No_Ko-004-015', 'manga\\Oshi_No_Ko\\004\\15.jpg', 13),
(269, 'Oshi_No_Ko-004-016', 'manga\\Oshi_No_Ko\\004\\16.jpg', 13),
(270, 'Oshi_No_Ko-004-017', 'manga\\Oshi_No_Ko\\004\\17.jpg', 13),
(271, 'Oshi_No_Ko-004-018', 'manga\\Oshi_No_Ko\\004\\18.jpg', 13),
(272, 'Oshi_No_Ko-004-019', 'manga\\Oshi_No_Ko\\004\\19.jpg', 13),
(273, 'Oshi_No_Ko-005-001', 'manga\\Oshi_No_Ko\\005\\01.jpg', 14),
(274, 'Oshi_No_Ko-005-002', 'manga\\Oshi_No_Ko\\005\\02.jpg', 14),
(275, 'Oshi_No_Ko-005-003', 'manga\\Oshi_No_Ko\\005\\03.jpg', 14),
(276, 'Oshi_No_Ko-005-004', 'manga\\Oshi_No_Ko\\005\\04.jpg', 14),
(277, 'Oshi_No_Ko-005-005', 'manga\\Oshi_No_Ko\\005\\05.jpg', 14),
(278, 'Oshi_No_Ko-005-006', 'manga\\Oshi_No_Ko\\005\\06.jpg', 14),
(279, 'Oshi_No_Ko-005-007', 'manga\\Oshi_No_Ko\\005\\07.jpg', 14),
(280, 'Oshi_No_Ko-005-008', 'manga\\Oshi_No_Ko\\005\\08.jpg', 14),
(281, 'Oshi_No_Ko-005-009', 'manga\\Oshi_No_Ko\\005\\09.jpg', 14),
(282, 'Oshi_No_Ko-005-010', 'manga\\Oshi_No_Ko\\005\\10.jpg', 14),
(283, 'Oshi_No_Ko-005-011', 'manga\\Oshi_No_Ko\\005\\11.jpg', 14),
(284, 'Oshi_No_Ko-005-012', 'manga\\Oshi_No_Ko\\005\\12.jpg', 14),
(285, 'Oshi_No_Ko-005-013', 'manga\\Oshi_No_Ko\\005\\13.jpg', 14),
(286, 'Oshi_No_Ko-005-014', 'manga\\Oshi_No_Ko\\005\\14.jpg', 14),
(287, 'Oshi_No_Ko-005-015', 'manga\\Oshi_No_Ko\\005\\15.jpg', 14),
(288, 'Oshi_No_Ko-005-016', 'manga\\Oshi_No_Ko\\005\\16.jpg', 14),
(289, 'Oshi_No_Ko-005-017', 'manga\\Oshi_No_Ko\\005\\17.jpg', 14),
(290, 'Oshi_No_Ko-005-018', 'manga\\Oshi_No_Ko\\005\\18.jpg', 14),
(291, 'Oshi_No_Ko-005-019', 'manga\\Oshi_No_Ko\\005\\19.jpg', 14),
(292, 'toki_doki-00-00', 'manga\\Toki_Doki\\00\\01.jpg', 30),
(293, 'toki_doki-00-02', 'manga\\Toki_Doki\\00\\02.jpg', 30),
(294, 'toki_doki-00-03', 'manga\\Toki_Doki\\00\\03.jpg', 30),
(295, 'toki_doki-00-04', 'manga\\Toki_Doki\\00\\04.jpg', 30),
(296, 'toki_doki-00-05', 'manga\\Toki_Doki\\00\\05.jpg', 30),
(297, 'toki_doki-00-06', 'manga\\Toki_Doki\\00\\06.jpg', 30),
(298, 'toki_doki-00-07', 'manga\\Toki_Doki\\00\\07.jpg', 30),
(299, 'toki_doki-00-08', 'manga\\Toki_Doki\\00\\08.jpg', 30),
(300, 'toki_doki-00-09', 'manga\\Toki_Doki\\00\\09.jpg', 30),
(301, 'toki_doki-00-10', 'manga\\Toki_Doki\\00\\10.jpg', 30),
(302, 'toki_doki-00-11', 'manga\\Toki_Doki\\00\\11.jpg', 30),
(303, 'toki_doki-00-12', 'manga\\Toki_Doki\\00\\12.jpg', 30),
(304, 'toki_doki-00-13', 'manga\\Toki_Doki\\00\\13.jpg', 30),
(305, 'toki_doki-00-14', 'manga\\Toki_Doki\\00\\14.jpg', 30),
(306, 'toki_doki-00-15', 'manga\\Toki_Doki\\00\\15.jpg', 30),
(307, 'toki_doki-00-16', 'manga\\Toki_Doki\\00\\16.jpg', 30),
(308, 'toki_doki-00-17', 'manga\\Toki_Doki\\00\\17.jpg', 30),
(309, 'toki_doki-00-18', 'manga\\Toki_Doki\\00\\18.jpg', 30),
(310, 'toki_doki-00-19', 'manga\\Toki_Doki\\00\\19.jpg', 30),
(311, 'toki_doki-00-20', 'manga\\Toki_Doki\\00\\20.jpg', 30),
(312, 'toki_doki-00-21', 'manga\\Toki_Doki\\00\\21.jpg', 30),
(313, 'toki_doki-00-22', 'manga\\Toki_Doki\\00\\22.jpg', 30),
(314, 'toki_doki-00-23', 'manga\\Toki_Doki\\00\\23.jpg', 30),
(315, 'toki_doki-00-24', 'manga\\Toki_Doki\\00\\24.jpg', 30),
(316, 'toki_doki-00-25', 'manga\\Toki_Doki\\00\\25.jpg', 30),
(317, 'toki_doki-00-26', 'manga\\Toki_Doki\\00\\26.jpg', 30),
(318, 'toki_doki-00-27', 'manga\\Toki_Doki\\00\\27.jpg', 30),
(319, 'toki_doki-00-28', 'manga\\Toki_Doki\\00\\28.jpg', 30),
(320, 'toki_doki-00-29', 'manga\\Toki_Doki\\00\\29.jpg', 30),
(321, 'toki_doki-00-30', 'manga\\Toki_Doki\\00\\30.jpg', 30),
(322, 'toki_doki-00-31', 'manga\\Toki_Doki\\00\\31.jpg', 30),
(323, 'toki_doki-00-32', 'manga\\Toki_Doki\\00\\32.jpg', 30),
(324, 'toki_doki-00-33', 'manga\\Toki_Doki\\00\\33.jpg', 30),
(325, 'toki_doki-00-34', 'manga\\Toki_Doki\\00\\34.jpg', 30),
(326, 'toki_doki-00-35', 'manga\\Toki_Doki\\00\\35.jpg', 30),
(327, 'toki_doki-00-36', 'manga\\Toki_Doki\\00\\36.jpg', 30),
(328, 'toki_doki-00-37', 'manga\\Toki_Doki\\00\\37.jpg', 30),
(329, 'toki_doki-00-38', 'manga\\Toki_Doki\\00\\38.jpg', 30),
(330, 'toki_doki-00-39', 'manga\\Toki_Doki\\00\\39.jpg', 30),
(331, 'toki_doki-00-40', 'manga\\Toki_Doki\\00\\40.jpg', 30),
(332, 'toki_doki-00-41', 'manga\\Toki_Doki\\00\\41.jpg', 30),
(333, 'toki_doki-00-42', 'manga\\Toki_Doki\\00\\42.jpg', 30),
(334, 'toki_doki-00-43', 'manga\\Toki_Doki\\00\\43.jpg', 30),
(335, 'toki_doki-00-44', 'manga\\Toki_Doki\\00\\44.jpg', 30),
(336, 'toki_doki-00-45', 'manga\\Toki_Doki\\00\\45.jpg', 30),
(337, 'toki_doki-00-46', 'manga\\Toki_Doki\\00\\46.jpg', 30),
(338, 'toki_doki-00-47', 'manga\\Toki_Doki\\00\\47.jpg', 30),
(339, 'toki_doki-00-48', 'manga\\Toki_Doki\\00\\48.jpg', 30),
(340, 'toki_doki-00-49', 'manga\\Toki_Doki\\00\\49.jpg', 30),
(341, 'Kubo-san_wa_Bob_wo_Yurusanai-01-01', 'manga\\Kubo-san_wa_Bob_wo_Yurusanai\\001\\01.jpg', 20),
(342, 'Kubo-san_wa_Bob_wo_Yurusanai-01-02', 'manga\\Kubo-san_wa_Bob_wo_Yurusanai\\001\\02.jpg', 20),
(343, 'Kubo-san_wa_Bob_wo_Yurusanai-01-03', 'manga\\Kubo-san_wa_Bob_wo_Yurusanai\\001\\03.jpg', 20),
(344, 'Kubo-san_wa_Bob_wo_Yurusanai-01-04', 'manga\\Kubo-san_wa_Bob_wo_Yurusanai\\001\\04.jpg', 20),
(345, 'Kubo-san_wa_Bob_wo_Yurusanai-01-05', 'manga\\Kubo-san_wa_Bob_wo_Yurusanai\\001\\05.jpg', 20),
(346, 'Kubo-san_wa_Bob_wo_Yurusanai-01-06', 'manga\\Kubo-san_wa_Bob_wo_Yurusanai\\001\\06.jpg', 20),
(347, 'Kubo-san_wa_Bob_wo_Yurusanai-01-07', 'manga\\Kubo-san_wa_Bob_wo_Yurusanai\\001\\07.jpg', 20),
(348, 'Kubo-san_wa_Bob_wo_Yurusanai-01-08', 'manga\\Kubo-san_wa_Bob_wo_Yurusanai\\001\\08.jpg', 20),
(349, 'Kubo-san_wa_Bob_wo_Yurusanai-01-09', 'manga\\Kubo-san_wa_Bob_wo_Yurusanai\\001\\09.jpg', 20),
(350, 'Kubo-san_wa_Bob_wo_Yurusanai-01-10', 'manga\\Kubo-san_wa_Bob_wo_Yurusanai\\001\\10.jpg', 20),
(351, 'Kubo-san_wa_Bob_wo_Yurusanai-01-11', 'manga\\Kubo-san_wa_Bob_wo_Yurusanai\\001\\11.jpg', 20),
(352, 'Kubo-san_wa_Bob_wo_Yurusanai-01-12', 'manga\\Kubo-san_wa_Bob_wo_Yurusanai\\001\\12.jpg', 20),
(353, 'Kubo-san_wa_Bob_wo_Yurusanai-01-13', 'manga\\Kubo-san_wa_Bob_wo_Yurusanai\\001\\13.jpg', 20),
(354, 'Kubo-san_wa_Bob_wo_Yurusanai-01-14', 'manga\\Kubo-san_wa_Bob_wo_Yurusanai\\001\\14.jpg', 20),
(355, 'Kubo-san_wa_Bob_wo_Yurusanai-01-15', 'manga\\Kubo-san_wa_Bob_wo_Yurusanai\\001\\15.jpg', 20),
(356, 'Kubo-san_wa_Bob_wo_Yurusanai-01-16', 'manga\\Kubo-san_wa_Bob_wo_Yurusanai\\001\\16.jpg', 20),
(357, 'Kubo-san_wa_Bob_wo_Yurusanai-01-17', 'manga\\Kubo-san_wa_Bob_wo_Yurusanai\\001\\17.jpg', 20),
(358, 'Kubo-san_wa_Bob_wo_Yurusanai-01-18', 'manga\\Kubo-san_wa_Bob_wo_Yurusanai\\001\\18.jpg', 20),
(359, 'Kubo-san_wa_Bob_wo_Yurusanai-02-01', 'manga\\Kubo-san_wa_Bob_wo_Yurusanai\\002\\01.jpg', 21),
(360, 'Kubo-san_wa_Bob_wo_Yurusanai-02-02', 'manga\\Kubo-san_wa_Bob_wo_Yurusanai\\002\\02.jpg', 21),
(361, 'Kubo-san_wa_Bob_wo_Yurusanai-02-03', 'manga\\Kubo-san_wa_Bob_wo_Yurusanai\\002\\03.jpg', 21),
(362, 'Kubo-san_wa_Bob_wo_Yurusanai-02-04', 'manga\\Kubo-san_wa_Bob_wo_Yurusanai\\002\\04.jpg', 21),
(363, 'Kubo-san_wa_Bob_wo_Yurusanai-02-05', 'manga\\Kubo-san_wa_Bob_wo_Yurusanai\\002\\05.jpg', 21),
(364, 'Kubo-san_wa_Bob_wo_Yurusanai-02-06', 'manga\\Kubo-san_wa_Bob_wo_Yurusanai\\002\\06.jpg', 21),
(365, 'Kubo-san_wa_Bob_wo_Yurusanai-02-07', 'manga\\Kubo-san_wa_Bob_wo_Yurusanai\\002\\07.jpg', 21),
(366, 'Kubo-san_wa_Bob_wo_Yurusanai-02-08', 'manga\\Kubo-san_wa_Bob_wo_Yurusanai\\002\\08.jpg', 21),
(367, 'Kubo-san_wa_Bob_wo_Yurusanai-02-09', 'manga\\Kubo-san_wa_Bob_wo_Yurusanai\\002\\09.jpg', 21),
(368, 'Kubo-san_wa_Bob_wo_Yurusanai-02-10', 'manga\\Kubo-san_wa_Bob_wo_Yurusanai\\002\\10.jpg', 21),
(369, 'Kubo-san_wa_Bob_wo_Yurusanai-02-11', 'manga\\Kubo-san_wa_Bob_wo_Yurusanai\\002\\11.jpg', 21),
(370, 'Kubo-san_wa_Bob_wo_Yurusanai-02-12', 'manga\\Kubo-san_wa_Bob_wo_Yurusanai\\002\\12.jpg', 21),
(371, 'Kubo-san_wa_Bob_wo_Yurusanai-02-13', 'manga\\Kubo-san_wa_Bob_wo_Yurusanai\\002\\13.jpg', 21),
(372, 'Kubo-san_wa_Bob_wo_Yurusanai-02-14', 'manga\\Kubo-san_wa_Bob_wo_Yurusanai\\002\\14.jpg', 21),
(373, 'Kubo-san_wa_Bob_wo_Yurusanai-02-15', 'manga\\Kubo-san_wa_Bob_wo_Yurusanai\\002\\15.jpg', 21),
(374, 'Kubo-san_wa_Bob_wo_Yurusanai-03-01', 'manga\\Kubo-san_wa_Bob_wo_Yurusanai\\003\\01.jpg', 22),
(375, 'Kubo-san_wa_Bob_wo_Yurusanai-03-02', 'manga\\Kubo-san_wa_Bob_wo_Yurusanai\\003\\02.jpg', 22),
(376, 'Kubo-san_wa_Bob_wo_Yurusanai-03-03', 'manga\\Kubo-san_wa_Bob_wo_Yurusanai\\003\\03.jpg', 22),
(377, 'Kubo-san_wa_Bob_wo_Yurusanai-03-04', 'manga\\Kubo-san_wa_Bob_wo_Yurusanai\\003\\04.jpg', 22),
(378, 'Kubo-san_wa_Bob_wo_Yurusanai-03-05', 'manga\\Kubo-san_wa_Bob_wo_Yurusanai\\003\\05.jpg', 22),
(379, 'Kubo-san_wa_Bob_wo_Yurusanai-03-06', 'manga\\Kubo-san_wa_Bob_wo_Yurusanai\\003\\06.jpg', 22),
(380, 'Kubo-san_wa_Bob_wo_Yurusanai-03-07', 'manga\\Kubo-san_wa_Bob_wo_Yurusanai\\003\\07.jpg', 22),
(381, 'Kubo-san_wa_Bob_wo_Yurusanai-03-08', 'manga\\Kubo-san_wa_Bob_wo_Yurusanai\\003\\08.jpg', 22),
(382, 'Kubo-san_wa_Bob_wo_Yurusanai-03-09', 'manga\\Kubo-san_wa_Bob_wo_Yurusanai\\003\\09.jpg', 22),
(383, 'Kubo-san_wa_Bob_wo_Yurusanai-03-10', 'manga\\Kubo-san_wa_Bob_wo_Yurusanai\\003\\10.jpg', 22),
(384, 'Kubo-san_wa_Bob_wo_Yurusanai-03-11', 'manga\\Kubo-san_wa_Bob_wo_Yurusanai\\003\\11.jpg', 22),
(385, 'Kubo-san_wa_Bob_wo_Yurusanai-03-12', 'manga\\Kubo-san_wa_Bob_wo_Yurusanai\\003\\12.jpg', 22),
(386, 'Kubo-san_wa_Bob_wo_Yurusanai-03-13', 'manga\\Kubo-san_wa_Bob_wo_Yurusanai\\003\\13.jpg', 22),
(387, 'Kubo-san_wa_Bob_wo_Yurusanai-04-01', 'manga\\Kubo-san_wa_Bob_wo_Yurusanai\\004\\01.jpg', 23),
(388, 'Kubo-san_wa_Bob_wo_Yurusanai-04-02', 'manga\\Kubo-san_wa_Bob_wo_Yurusanai\\004\\02.jpg', 23),
(389, 'Kubo-san_wa_Bob_wo_Yurusanai-04-03', 'manga\\Kubo-san_wa_Bob_wo_Yurusanai\\004\\03.jpg', 23),
(390, 'Kubo-san_wa_Bob_wo_Yurusanai-04-04', 'manga\\Kubo-san_wa_Bob_wo_Yurusanai\\004\\04.jpg', 23),
(391, 'Kubo-san_wa_Bob_wo_Yurusanai-04-05', 'manga\\Kubo-san_wa_Bob_wo_Yurusanai\\004\\05.jpg', 23),
(392, 'Kubo-san_wa_Bob_wo_Yurusanai-04-06', 'manga\\Kubo-san_wa_Bob_wo_Yurusanai\\004\\06.jpg', 23),
(393, 'Kubo-san_wa_Bob_wo_Yurusanai-04-07', 'manga\\Kubo-san_wa_Bob_wo_Yurusanai\\004\\07.jpg', 23),
(394, 'Kubo-san_wa_Bob_wo_Yurusanai-04-08', 'manga\\Kubo-san_wa_Bob_wo_Yurusanai\\004\\08.jpg', 23),
(395, 'Kubo-san_wa_Bob_wo_Yurusanai-04-09', 'manga\\Kubo-san_wa_Bob_wo_Yurusanai\\004\\09.jpg', 23),
(396, 'Kubo-san_wa_Bob_wo_Yurusanai-04-10', 'manga\\Kubo-san_wa_Bob_wo_Yurusanai\\004\\10.jpg', 23),
(397, 'Kubo-san_wa_Bob_wo_Yurusanai-04-11', 'manga\\Kubo-san_wa_Bob_wo_Yurusanai\\004\\11.jpg', 23),
(398, 'Kubo-san_wa_Bob_wo_Yurusanai-04-12', 'manga\\Kubo-san_wa_Bob_wo_Yurusanai\\004\\12.jpg', 23),
(399, 'Kubo-san_wa_Bob_wo_Yurusanai-05-01\r\n', 'manga\\Kubo-san_wa_Bob_wo_Yurusanai\\005\\01.jpg\r\n', 24),
(400, 'Kubo-san_wa_Bob_wo_Yurusanai-05-02\r\n', 'manga\\Kubo-san_wa_Bob_wo_Yurusanai\\005\\02.jpg\r\n', 24),
(401, 'Kubo-san_wa_Bob_wo_Yurusanai-05-03\r\n', 'manga\\Kubo-san_wa_Bob_wo_Yurusanai\\005\\03.jpg\r\n', 24),
(402, 'Kubo-san_wa_Bob_wo_Yurusanai-05-04\r\n', 'manga\\Kubo-san_wa_Bob_wo_Yurusanai\\005\\04.jpg\r\n', 24),
(403, 'Kubo-san_wa_Bob_wo_Yurusanai-05-05\r\n', 'manga\\Kubo-san_wa_Bob_wo_Yurusanai\\005\\05.jpg\r\n', 24),
(404, 'Kubo-san_wa_Bob_wo_Yurusanai-05-06\r\n', 'manga\\Kubo-san_wa_Bob_wo_Yurusanai\\005\\06.jpg\r\n', 24),
(405, 'Kubo-san_wa_Bob_wo_Yurusanai-05-07\r\n', 'manga\\Kubo-san_wa_Bob_wo_Yurusanai\\005\\07.jpg\r\n', 24),
(406, 'Kubo-san_wa_Bob_wo_Yurusanai-05-08\r\n', 'manga\\Kubo-san_wa_Bob_wo_Yurusanai\\005\\08.jpg\r\n', 24),
(407, 'Kubo-san_wa_Bob_wo_Yurusanai-05-09\r\n', 'manga\\Kubo-san_wa_Bob_wo_Yurusanai\\005\\09.jpg\r\n', 24),
(408, 'Kubo-san_wa_Bob_wo_Yurusanai-05-10\r\n', 'manga\\Kubo-san_wa_Bob_wo_Yurusanai\\005\\10.jpg\r\n', 24),
(409, 'Kubo-san_wa_Bob_wo_Yurusanai-05-11\r\n', 'manga\\Kubo-san_wa_Bob_wo_Yurusanai\\005\\11.jpg\r\n', 24),
(410, 'Kubo-san_wa_Bob_wo_Yurusanai-05-12\r\n', 'manga\\Kubo-san_wa_Bob_wo_Yurusanai\\005\\12.jpg\r\n', 24),
(411, 'Oyasumi_Punpun-01-01', 'manga\\Goodnight_Punpun\\01\\01.jpg', 15),
(412, 'Oyasumi_Punpun-01-02', 'manga\\Goodnight_Punpun\\01\\02.jpg', 15),
(413, 'Oyasumi_Punpun-01-03', 'manga\\Goodnight_Punpun\\01\\03.jpg', 15),
(414, 'Oyasumi_Punpun-01-04', 'manga\\Goodnight_Punpun\\01\\04.jpg', 15),
(415, 'Oyasumi_Punpun-01-05', 'manga\\Goodnight_Punpun\\01\\05.jpg', 15),
(416, 'Oyasumi_Punpun-01-06', 'manga\\Goodnight_Punpun\\01\\06.jpg', 15),
(417, 'Oyasumi_Punpun-01-07', 'manga\\Goodnight_Punpun\\01\\07.jpg', 15),
(418, 'Oyasumi_Punpun-01-08', 'manga\\Goodnight_Punpun\\01\\08.jpg', 15),
(419, 'Oyasumi_Punpun-01-09', 'manga\\Goodnight_Punpun\\01\\09.jpg', 15),
(420, 'Oyasumi_Punpun-01-10', 'manga\\Goodnight_Punpun\\01\\10.jpg', 15),
(421, 'Oyasumi_Punpun-01-11', 'manga\\Goodnight_Punpun\\01\\11.jpg', 15),
(422, 'Oyasumi_Punpun-01-12', 'manga\\Goodnight_Punpun\\01\\12.jpg', 15),
(423, 'Oyasumi_Punpun-01-13', 'manga\\Goodnight_Punpun\\01\\13.jpg', 15),
(424, 'Oyasumi_Punpun-01-14', 'manga\\Goodnight_Punpun\\01\\14.jpg', 15),
(425, 'Oyasumi_Punpun-01-15', 'manga\\Goodnight_Punpun\\01\\15.jpg', 15),
(426, 'Oyasumi_Punpun-01-16', 'manga\\Goodnight_Punpun\\01\\16.jpg', 15),
(427, 'Oyasumi_Punpun-01-17', 'manga\\Goodnight_Punpun\\01\\17.jpg', 15),
(428, 'Oyasumi_Punpun-01-18', 'manga\\Goodnight_Punpun\\01\\18.jpg', 15),
(429, 'Oyasumi_Punpun-01-19', 'manga\\Goodnight_Punpun\\01\\19.jpg', 15),
(430, 'Oyasumi_Punpun-01-20', 'manga\\Goodnight_Punpun\\01\\20.jpg', 15),
(431, 'Oyasumi_Punpun-01-21', 'manga\\Goodnight_Punpun\\01\\21.jpg', 15),
(432, 'Oyasumi_Punpun-01-22', 'manga\\Goodnight_Punpun\\01\\22.jpg', 15),
(433, 'Oyasumi_Punpun-01-23', 'manga\\Goodnight_Punpun\\01\\23.jpg', 15),
(434, 'Oyasumi_Punpun-01-24', 'manga\\Goodnight_Punpun\\01\\24.jpg', 15),
(435, 'Oyasumi_Punpun-01-25', 'manga\\Goodnight_Punpun\\01\\25.jpg', 15),
(436, 'Oyasumi_Punpun-01-26', 'manga\\Goodnight_Punpun\\01\\26.jpg', 15),
(437, 'Oyasumi_Punpun-01-27', 'manga\\Goodnight_Punpun\\01\\27.jpg', 15),
(438, 'Oyasumi_Punpun-01-28', 'manga\\Goodnight_Punpun\\01\\28.jpg', 15),
(439, 'Oyasumi_Punpun-01-29', 'manga\\Goodnight_Punpun\\01\\29.jpg', 15),
(440, 'Oyasumi_Punpun-01-30', 'manga\\Goodnight_Punpun\\01\\30.jpg', 15),
(441, 'Oyasumi_Punpun-01-31', 'manga\\Goodnight_Punpun\\01\\31.jpg', 15),
(442, 'Oyasumi_Punpun-02-01', 'manga\\Goodnight_Punpun\\02\\01.jpg', 16),
(443, 'Oyasumi_Punpun-02-02', 'manga\\Goodnight_Punpun\\02\\02.jpg', 16),
(444, 'Oyasumi_Punpun-02-03', 'manga\\Goodnight_Punpun\\02\\03.jpg', 16),
(445, 'Oyasumi_Punpun-02-04', 'manga\\Goodnight_Punpun\\02\\04.jpg', 16),
(446, 'Oyasumi_Punpun-02-05', 'manga\\Goodnight_Punpun\\02\\05.jpg', 16),
(447, 'Oyasumi_Punpun-02-06', 'manga\\Goodnight_Punpun\\02\\06.jpg', 16),
(448, 'Oyasumi_Punpun-02-07', 'manga\\Goodnight_Punpun\\02\\07.jpg', 16),
(449, 'Oyasumi_Punpun-02-08', 'manga\\Goodnight_Punpun\\02\\08.jpg', 16),
(450, 'Oyasumi_Punpun-02-09', 'manga\\Goodnight_Punpun\\02\\09.jpg', 16),
(451, 'Oyasumi_Punpun-02-10', 'manga\\Goodnight_Punpun\\02\\10.jpg', 16),
(452, 'Oyasumi_Punpun-02-11', 'manga\\Goodnight_Punpun\\02\\11.jpg', 16),
(453, 'Oyasumi_Punpun-02-12', 'manga\\Goodnight_Punpun\\02\\12.jpg', 16),
(454, 'Oyasumi_Punpun-02-13', 'manga\\Goodnight_Punpun\\02\\13.jpg', 16),
(455, 'Oyasumi_Punpun-02-14', 'manga\\Goodnight_Punpun\\02\\14.jpg', 16),
(456, 'Oyasumi_Punpun-02-15', 'manga\\Goodnight_Punpun\\02\\15.jpg', 16),
(457, 'Oyasumi_Punpun-02-16', 'manga\\Goodnight_Punpun\\02\\16.jpg', 16),
(458, 'Oyasumi_Punpun-02-17', 'manga\\Goodnight_Punpun\\02\\17.jpg', 16),
(459, 'Oyasumi_Punpun-02-18', 'manga\\Goodnight_Punpun\\02\\18.jpg', 16),
(460, 'Oyasumi_Punpun-03-01', 'manga\\Goodnight_Punpun\\03\\01.jpg', 17),
(461, 'Oyasumi_Punpun-03-02', 'manga\\Goodnight_Punpun\\03\\02.jpg', 17),
(462, 'Oyasumi_Punpun-03-03', 'manga\\Goodnight_Punpun\\03\\03.jpg', 17),
(463, 'Oyasumi_Punpun-03-04', 'manga\\Goodnight_Punpun\\03\\04.jpg', 17),
(464, 'Oyasumi_Punpun-03-05', 'manga\\Goodnight_Punpun\\03\\05.jpg', 17),
(465, 'Oyasumi_Punpun-03-06', 'manga\\Goodnight_Punpun\\03\\06.jpg', 17),
(466, 'Oyasumi_Punpun-03-07', 'manga\\Goodnight_Punpun\\03\\07.jpg', 17),
(467, 'Oyasumi_Punpun-03-08', 'manga\\Goodnight_Punpun\\03\\08.jpg', 17),
(468, 'Oyasumi_Punpun-03-09', 'manga\\Goodnight_Punpun\\03\\09.jpg', 17),
(469, 'Oyasumi_Punpun-03-10', 'manga\\Goodnight_Punpun\\03\\10.jpg', 17),
(470, 'Oyasumi_Punpun-03-11', 'manga\\Goodnight_Punpun\\03\\11.jpg', 17),
(471, 'Oyasumi_Punpun-03-12', 'manga\\Goodnight_Punpun\\03\\12.jpg', 17),
(472, 'Oyasumi_Punpun-03-13', 'manga\\Goodnight_Punpun\\03\\13.jpg', 17),
(473, 'Oyasumi_Punpun-03-14', 'manga\\Goodnight_Punpun\\03\\14.jpg', 17),
(474, 'Oyasumi_Punpun-03-15', 'manga\\Goodnight_Punpun\\03\\15.jpg', 17),
(475, 'Oyasumi_Punpun-03-16', 'manga\\Goodnight_Punpun\\03\\16.jpg', 17),
(476, 'Oyasumi_Punpun-03-17', 'manga\\Goodnight_Punpun\\03\\17.jpg', 17),
(477, 'Oyasumi_Punpun-03-18', 'manga\\Goodnight_Punpun\\03\\18.jpg', 17),
(478, 'Oyasumi_Punpun-03-19', 'manga\\Goodnight_Punpun\\03\\19.jpg', 17),
(479, 'Oyasumi_Punpun-03-20', 'manga\\Goodnight_Punpun\\03\\20.jpg', 17),
(480, 'Oyasumi_Punpun-03-21', 'manga\\Goodnight_Punpun\\03\\21.jpg', 17),
(481, 'Oyasumi_Punpun-03-22', 'manga\\Goodnight_Punpun\\03\\22.jpg', 17),
(482, 'Oyasumi_Punpun-03-23', 'manga\\Goodnight_Punpun\\03\\23.jpg', 17),
(483, 'Oyasumi_Punpun-04-01', 'manga\\Goodnight_Punpun\\04\\01.jpg', 18),
(484, 'Oyasumi_Punpun-04-02', 'manga\\Goodnight_Punpun\\04\\02.jpg', 18),
(485, 'Oyasumi_Punpun-04-03', 'manga\\Goodnight_Punpun\\04\\03.jpg', 18),
(486, 'Oyasumi_Punpun-04-04', 'manga\\Goodnight_Punpun\\04\\04.jpg', 18),
(487, 'Oyasumi_Punpun-04-05', 'manga\\Goodnight_Punpun\\04\\05.jpg', 18),
(488, 'Oyasumi_Punpun-04-06', 'manga\\Goodnight_Punpun\\04\\06.jpg', 18),
(489, 'Oyasumi_Punpun-04-07', 'manga\\Goodnight_Punpun\\04\\07.jpg', 18),
(490, 'Oyasumi_Punpun-04-08', 'manga\\Goodnight_Punpun\\04\\08.jpg', 18),
(491, 'Oyasumi_Punpun-04-09', 'manga\\Goodnight_Punpun\\04\\09.jpg', 18),
(492, 'Oyasumi_Punpun-04-10', 'manga\\Goodnight_Punpun\\04\\10.jpg', 18),
(493, 'Oyasumi_Punpun-04-11', 'manga\\Goodnight_Punpun\\04\\11.jpg', 18),
(494, 'Oyasumi_Punpun-04-12', 'manga\\Goodnight_Punpun\\04\\12.jpg', 18),
(495, 'Oyasumi_Punpun-04-13', 'manga\\Goodnight_Punpun\\04\\13.jpg', 18),
(496, 'Oyasumi_Punpun-04-14', 'manga\\Goodnight_Punpun\\04\\14.jpg', 18),
(497, 'Oyasumi_Punpun-04-15', 'manga\\Goodnight_Punpun\\04\\15.jpg', 18),
(498, 'Oyasumi_Punpun-04-16', 'manga\\Goodnight_Punpun\\04\\16.jpg', 18),
(499, 'Oyasumi_Punpun-05-01', 'manga\\Goodnight_Punpun\\05\\01.jpg', 19),
(500, 'Oyasumi_Punpun-05-02', 'manga\\Goodnight_Punpun\\05\\02.jpg', 19),
(501, 'Oyasumi_Punpun-05-03', 'manga\\Goodnight_Punpun\\05\\03.jpg', 19),
(502, 'Oyasumi_Punpun-05-04', 'manga\\Goodnight_Punpun\\05\\04.jpg', 19),
(503, 'Oyasumi_Punpun-05-05', 'manga\\Goodnight_Punpun\\05\\05.jpg', 19),
(504, 'Oyasumi_Punpun-05-06', 'manga\\Goodnight_Punpun\\05\\06.jpg', 19),
(505, 'Oyasumi_Punpun-05-07', 'manga\\Goodnight_Punpun\\05\\07.jpg', 19),
(506, 'Oyasumi_Punpun-05-08', 'manga\\Goodnight_Punpun\\05\\08.jpg', 19),
(507, 'Oyasumi_Punpun-05-09', 'manga\\Goodnight_Punpun\\05\\09.jpg', 19),
(508, 'Oyasumi_Punpun-05-10', 'manga\\Goodnight_Punpun\\05\\10.jpg', 19),
(509, 'Oyasumi_Punpun-05-11', 'manga\\Goodnight_Punpun\\05\\11.jpg', 19),
(510, 'Oyasumi_Punpun-05-12', 'manga\\Goodnight_Punpun\\05\\12.jpg', 19),
(511, 'Oyasumi_Punpun-05-13', 'manga\\Goodnight_Punpun\\05\\13.jpg', 19),
(512, 'Oyasumi_Punpun-05-14', 'manga\\Goodnight_Punpun\\05\\14.jpg', 19),
(513, 'Oyasumi_Punpun-05-15', 'manga\\Goodnight_Punpun\\05\\15.jpg', 19),
(514, 'Oyasumi_Punpun-05-16', 'manga\\Goodnight_Punpun\\05\\16.jpg', 19),
(515, 'Sono_Bisque_Doll_wa_Koi_wo_suru01-01', 'manga\\Sono_Bisque_Doll_wa_Koi_wo_suru\\01\\01.jpg', 25),
(516, 'Sono_Bisque_Doll_wa_Koi_wo_suru-01-02', 'manga\\Sono_Bisque_Doll_wa_Koi_wo_suru\\01\\02.jpg', 25),
(517, 'Sono_Bisque_Doll_wa_Koi_wo_suru-01-03', 'manga\\Sono_Bisque_Doll_wa_Koi_wo_suru\\01\\03.jpg', 25),
(518, 'Sono_Bisque_Doll_wa_Koi_wo_suru-01-04', 'manga\\Sono_Bisque_Doll_wa_Koi_wo_suru\\01\\04.jpg', 25),
(519, 'Sono_Bisque_Doll_wa_Koi_wo_suru-01-05', 'manga\\Sono_Bisque_Doll_wa_Koi_wo_suru\\01\\05.jpg', 25),
(520, 'Sono_Bisque_Doll_wa_Koi_wo_suru-01-06', 'manga\\Sono_Bisque_Doll_wa_Koi_wo_suru\\01\\06.jpg', 25),
(521, 'Sono_Bisque_Doll_wa_Koi_wo_suru-01-07', 'manga\\Sono_Bisque_Doll_wa_Koi_wo_suru\\01\\07.jpg', 25),
(522, 'Sono_Bisque_Doll_wa_Koi_wo_suru-01-08', 'manga\\Sono_Bisque_Doll_wa_Koi_wo_suru\\01\\08.jpg', 25),
(523, 'Sono_Bisque_Doll_wa_Koi_wo_suru-01-09', 'manga\\Sono_Bisque_Doll_wa_Koi_wo_suru\\01\\09.jpg', 25),
(524, 'Sono_Bisque_Doll_wa_Koi_wo_suru-01-10', 'manga\\Sono_Bisque_Doll_wa_Koi_wo_suru\\01\\10.jpg', 25),
(525, 'Sono_Bisque_Doll_wa_Koi_wo_suru-01-11', 'manga\\Sono_Bisque_Doll_wa_Koi_wo_suru\\01\\11.jpg', 25),
(526, 'Sono_Bisque_Doll_wa_Koi_wo_suru-01-12', 'manga\\Sono_Bisque_Doll_wa_Koi_wo_suru\\01\\12.jpg', 25),
(527, 'Sono_Bisque_Doll_wa_Koi_wo_suru-01-13', 'manga\\Sono_Bisque_Doll_wa_Koi_wo_suru\\01\\13.jpg', 25),
(528, 'Sono_Bisque_Doll_wa_Koi_wo_suru-01-14', 'manga\\Sono_Bisque_Doll_wa_Koi_wo_suru\\01\\14.jpg', 25),
(529, 'Sono_Bisque_Doll_wa_Koi_wo_suru-01-15', 'manga\\Sono_Bisque_Doll_wa_Koi_wo_suru\\01\\15.jpg', 25),
(530, 'Sono_Bisque_Doll_wa_Koi_wo_suru-01-16', 'manga\\Sono_Bisque_Doll_wa_Koi_wo_suru\\01\\16.jpg', 25),
(531, 'Sono_Bisque_Doll_wa_Koi_wo_suru-01-17', 'manga\\Sono_Bisque_Doll_wa_Koi_wo_suru\\01\\17.jpg', 25),
(532, 'Sono_Bisque_Doll_wa_Koi_wo_suru-01-18', 'manga\\Sono_Bisque_Doll_wa_Koi_wo_suru\\01\\18.jpg', 25),
(533, 'Sono_Bisque_Doll_wa_Koi_wo_suru-01-19', 'manga\\Sono_Bisque_Doll_wa_Koi_wo_suru\\01\\19.jpg', 25),
(534, 'Sono_Bisque_Doll_wa_Koi_wo_suru-01-20', 'manga\\Sono_Bisque_Doll_wa_Koi_wo_suru\\01\\20.jpg', 25),
(535, 'Sono_Bisque_Doll_wa_Koi_wo_suru-01-21', 'manga\\Sono_Bisque_Doll_wa_Koi_wo_suru\\01\\21.jpg', 25),
(536, 'Sono_Bisque_Doll_wa_Koi_wo_suru-01-22', 'manga\\Sono_Bisque_Doll_wa_Koi_wo_suru\\01\\22.jpg', 25),
(537, 'Sono_Bisque_Doll_wa_Koi_wo_suru-01-23', 'manga\\Sono_Bisque_Doll_wa_Koi_wo_suru\\01\\23.jpg', 25),
(538, 'Sono_Bisque_Doll_wa_Koi_wo_suru-01-24', 'manga\\Sono_Bisque_Doll_wa_Koi_wo_suru\\01\\24.jpg', 25),
(539, 'Sono_Bisque_Doll_wa_Koi_wo_suru-01-25', 'manga\\Sono_Bisque_Doll_wa_Koi_wo_suru\\01\\25.jpg', 25),
(540, 'Sono_Bisque_Doll_wa_Koi_wo_suru-01-26', 'manga\\Sono_Bisque_Doll_wa_Koi_wo_suru\\01\\26.jpg', 25),
(541, 'Sono_Bisque_Doll_wa_Koi_wo_suru-01-27', 'manga\\Sono_Bisque_Doll_wa_Koi_wo_suru\\01\\27.jpg', 25),
(542, 'Sono_Bisque_Doll_wa_Koi_wo_suru-01-28', 'manga\\Sono_Bisque_Doll_wa_Koi_wo_suru\\01\\28.jpg', 25),
(543, 'Sono_Bisque_Doll_wa_Koi_wo_suru-01-29', 'manga\\Sono_Bisque_Doll_wa_Koi_wo_suru\\01\\29.jpg', 25),
(544, 'Sono_Bisque_Doll_wa_Koi_wo_suru-01-30', 'manga\\Sono_Bisque_Doll_wa_Koi_wo_suru\\01\\30.jpg', 25),
(545, 'Sono_Bisque_Doll_wa_Koi_wo_suru-01-31', 'manga\\Sono_Bisque_Doll_wa_Koi_wo_suru\\01\\31.jpg', 25),
(546, 'Sono_Bisque_Doll_wa_Koi_wo_suru-01-32', 'manga\\Sono_Bisque_Doll_wa_Koi_wo_suru\\01\\32.jpg', 25),
(547, 'Sono_Bisque_Doll_wa_Koi_wo_suru-01-33', 'manga\\Sono_Bisque_Doll_wa_Koi_wo_suru\\01\\33.jpg', 25),
(548, 'Sono_Bisque_Doll_wa_Koi_wo_suru-01-34', 'manga\\Sono_Bisque_Doll_wa_Koi_wo_suru\\01\\34.jpg', 25),
(549, 'Sono_Bisque_Doll_wa_Koi_wo_suru-01-35', 'manga\\Sono_Bisque_Doll_wa_Koi_wo_suru\\01\\35.jpg', 25),
(550, 'Sono_Bisque_Doll_wa_Koi_wo_suru-01-36', 'manga\\Sono_Bisque_Doll_wa_Koi_wo_suru\\01\\36.jpg', 25),
(551, 'Sono_Bisque_Doll_wa_Koi_wo_suru-01-37', 'manga\\Sono_Bisque_Doll_wa_Koi_wo_suru\\01\\37.jpg', 25),
(552, 'Sono_Bisque_Doll_wa_Koi_wo_suru-01-38', 'manga\\Sono_Bisque_Doll_wa_Koi_wo_suru\\01\\38.jpg', 25),
(553, 'Sono_Bisque_Doll_wa_Koi_wo_suru-01-39', 'manga\\Sono_Bisque_Doll_wa_Koi_wo_suru\\01\\39.jpg', 25),
(554, 'Sono_Bisque_Doll_wa_Koi_wo_suru-01-40', 'manga\\Sono_Bisque_Doll_wa_Koi_wo_suru\\01\\40.jpg', 25),
(555, 'Sono_Bisque_Doll_wa_Koi_wo_suru-01-41', 'manga\\Sono_Bisque_Doll_wa_Koi_wo_suru\\01\\41.jpg', 25),
(556, 'Sono_Bisque_Doll_wa_Koi_wo_suru-01-42', 'manga\\Sono_Bisque_Doll_wa_Koi_wo_suru\\01\\42.jpg', 25),
(557, 'Sono_Bisque_Doll_wa_Koi_wo_suru-01-43', 'manga\\Sono_Bisque_Doll_wa_Koi_wo_suru\\01\\43.jpg', 25),
(558, 'Sono_Bisque_Doll_wa_Koi_wo_suru-01-44', 'manga\\Sono_Bisque_Doll_wa_Koi_wo_suru\\01\\44.jpg', 25),
(559, 'Sono_Bisque_Doll_wa_Koi_wo_suru-01-45', 'manga\\Sono_Bisque_Doll_wa_Koi_wo_suru\\01\\45.jpg', 25),
(560, 'Sono_Bisque_Doll_wa_Koi_wo_suru-01-46', 'manga\\Sono_Bisque_Doll_wa_Koi_wo_suru\\01\\46.jpg', 25),
(561, 'Sono_Bisque_Doll_wa_Koi_wo_suru-01-47', 'manga\\Sono_Bisque_Doll_wa_Koi_wo_suru\\01\\47.jpg', 25),
(562, 'Sono_Bisque_Doll_wa_Koi_wo_suru-002-01', 'manga\\Sono_Bisque_Doll_wa_Koi_wo_suru\\02\\01.jpg', 26),
(563, 'Sono_Bisque_Doll_wa_Koi_wo_suru-002-02', 'manga\\Sono_Bisque_Doll_wa_Koi_wo_suru\\02\\02.jpg', 26),
(564, 'Sono_Bisque_Doll_wa_Koi_wo_suru-002-03', 'manga\\Sono_Bisque_Doll_wa_Koi_wo_suru\\02\\03.jpg', 26),
(565, 'Sono_Bisque_Doll_wa_Koi_wo_suru-002-04', 'manga\\Sono_Bisque_Doll_wa_Koi_wo_suru\\02\\04.jpg', 26),
(566, 'Sono_Bisque_Doll_wa_Koi_wo_suru-002-05', 'manga\\Sono_Bisque_Doll_wa_Koi_wo_suru\\02\\05.jpg', 26),
(567, 'Sono_Bisque_Doll_wa_Koi_wo_suru-002-06', 'manga\\Sono_Bisque_Doll_wa_Koi_wo_suru\\02\\06.jpg', 26),
(568, 'Sono_Bisque_Doll_wa_Koi_wo_suru-002-07', 'manga\\Sono_Bisque_Doll_wa_Koi_wo_suru\\02\\07.jpg', 26),
(569, 'Sono_Bisque_Doll_wa_Koi_wo_suru-002-08', 'manga\\Sono_Bisque_Doll_wa_Koi_wo_suru\\02\\08.jpg', 26),
(570, 'Sono_Bisque_Doll_wa_Koi_wo_suru-002-09', 'manga\\Sono_Bisque_Doll_wa_Koi_wo_suru\\02\\09.jpg', 26),
(571, 'Sono_Bisque_Doll_wa_Koi_wo_suru-002-10', 'manga\\Sono_Bisque_Doll_wa_Koi_wo_suru\\02\\10.jpg', 26),
(572, 'Sono_Bisque_Doll_wa_Koi_wo_suru-002-11', 'manga\\Sono_Bisque_Doll_wa_Koi_wo_suru\\02\\11.jpg', 26),
(573, 'Sono_Bisque_Doll_wa_Koi_wo_suru-002-12', 'manga\\Sono_Bisque_Doll_wa_Koi_wo_suru\\02\\12.jpg', 26),
(574, 'Sono_Bisque_Doll_wa_Koi_wo_suru-002-13', 'manga\\Sono_Bisque_Doll_wa_Koi_wo_suru\\02\\13.jpg', 26),
(575, 'Sono_Bisque_Doll_wa_Koi_wo_suru-002-14', 'manga\\Sono_Bisque_Doll_wa_Koi_wo_suru\\02\\14.jpg', 26),
(576, 'Sono_Bisque_Doll_wa_Koi_wo_suru-002-15', 'manga\\Sono_Bisque_Doll_wa_Koi_wo_suru\\02\\15.jpg', 26),
(577, 'Sono_Bisque_Doll_wa_Koi_wo_suru-002-16', 'manga\\Sono_Bisque_Doll_wa_Koi_wo_suru\\02\\16.jpg', 26),
(578, 'Sono_Bisque_Doll_wa_Koi_wo_suru-002-17', 'manga\\Sono_Bisque_Doll_wa_Koi_wo_suru\\02\\17.jpg', 26),
(579, 'Sono_Bisque_Doll_wa_Koi_wo_suru-002-18', 'manga\\Sono_Bisque_Doll_wa_Koi_wo_suru\\02\\18.jpg', 26),
(580, 'Sono_Bisque_Doll_wa_Koi_wo_suru-002-19', 'manga\\Sono_Bisque_Doll_wa_Koi_wo_suru\\02\\19.jpg', 26),
(581, 'Sono_Bisque_Doll_wa_Koi_wo_suru-002-20', 'manga\\Sono_Bisque_Doll_wa_Koi_wo_suru\\02\\20.jpg', 26),
(582, 'Sono_Bisque_Doll_wa_Koi_wo_suru-002-21', 'manga\\Sono_Bisque_Doll_wa_Koi_wo_suru\\02\\21.jpg', 26),
(583, 'Sono_Bisque_Doll_wa_Koi_wo_suru-002-22', 'manga\\Sono_Bisque_Doll_wa_Koi_wo_suru\\02\\22.jpg', 26),
(584, 'Sono_Bisque_Doll_wa_Koi_wo_suru-002-23', 'manga\\Sono_Bisque_Doll_wa_Koi_wo_suru\\02\\23.jpg', 26),
(585, 'Sono_Bisque_Doll_wa_Koi_wo_suru-002-24', 'manga\\Sono_Bisque_Doll_wa_Koi_wo_suru\\02\\24.jpg', 26),
(586, 'Sono_Bisque_Doll_wa_Koi_wo_suru-002-25', 'manga\\Sono_Bisque_Doll_wa_Koi_wo_suru\\02\\25.jpg', 26),
(587, 'Sono_Bisque_Doll_wa_Koi_wo_suru-002-26', 'manga\\Sono_Bisque_Doll_wa_Koi_wo_suru\\02\\26.jpg', 26),
(588, 'Sono_Bisque_Doll_wa_Koi_wo_suru-002-27', 'manga\\Sono_Bisque_Doll_wa_Koi_wo_suru\\02\\27.jpg', 26),
(589, 'Sono_Bisque_Doll_wa_Koi_wo_suru-002-28', 'manga\\Sono_Bisque_Doll_wa_Koi_wo_suru\\02\\28.jpg', 26),
(590, 'Sono_Bisque_Doll_wa_Koi_wo_suru-002-29', 'manga\\Sono_Bisque_Doll_wa_Koi_wo_suru\\02\\29.jpg', 26),
(591, 'Sono_Bisque_Doll_wa_Koi_wo_suru-003-01', 'manga\\Sono_Bisque_Doll_wa_Koi_wo_suru\\03\\01.jpg', 27),
(592, 'Sono_Bisque_Doll_wa_Koi_wo_suru-003-02', 'manga\\Sono_Bisque_Doll_wa_Koi_wo_suru\\03\\02.jpg', 27),
(593, 'Sono_Bisque_Doll_wa_Koi_wo_suru-003-03', 'manga\\Sono_Bisque_Doll_wa_Koi_wo_suru\\03\\03.jpg', 27),
(594, 'Sono_Bisque_Doll_wa_Koi_wo_suru-003-04', 'manga\\Sono_Bisque_Doll_wa_Koi_wo_suru\\03\\04.jpg', 27),
(595, 'Sono_Bisque_Doll_wa_Koi_wo_suru-003-05', 'manga\\Sono_Bisque_Doll_wa_Koi_wo_suru\\03\\05.jpg', 27),
(596, 'Sono_Bisque_Doll_wa_Koi_wo_suru-003-06', 'manga\\Sono_Bisque_Doll_wa_Koi_wo_suru\\03\\06.jpg', 27),
(597, 'Sono_Bisque_Doll_wa_Koi_wo_suru-003-07', 'manga\\Sono_Bisque_Doll_wa_Koi_wo_suru\\03\\07.jpg', 27),
(598, 'Sono_Bisque_Doll_wa_Koi_wo_suru-003-08', 'manga\\Sono_Bisque_Doll_wa_Koi_wo_suru\\03\\08.jpg', 27),
(599, 'Sono_Bisque_Doll_wa_Koi_wo_suru-003-09', 'manga\\Sono_Bisque_Doll_wa_Koi_wo_suru\\03\\09.jpg', 27),
(600, 'Sono_Bisque_Doll_wa_Koi_wo_suru-003-10', 'manga\\Sono_Bisque_Doll_wa_Koi_wo_suru\\03\\10.jpg', 27),
(601, 'Sono_Bisque_Doll_wa_Koi_wo_suru-003-11', 'manga\\Sono_Bisque_Doll_wa_Koi_wo_suru\\03\\11.jpg', 27),
(602, 'Sono_Bisque_Doll_wa_Koi_wo_suru-003-12', 'manga\\Sono_Bisque_Doll_wa_Koi_wo_suru\\03\\12.jpg', 27),
(603, 'Sono_Bisque_Doll_wa_Koi_wo_suru-003-13', 'manga\\Sono_Bisque_Doll_wa_Koi_wo_suru\\03\\13.jpg', 27),
(604, 'Sono_Bisque_Doll_wa_Koi_wo_suru-003-14', 'manga\\Sono_Bisque_Doll_wa_Koi_wo_suru\\03\\14.jpg', 27),
(605, 'Sono_Bisque_Doll_wa_Koi_wo_suru-003-15', 'manga\\Sono_Bisque_Doll_wa_Koi_wo_suru\\03\\15.jpg', 27),
(606, 'Sono_Bisque_Doll_wa_Koi_wo_suru-003-16', 'manga\\Sono_Bisque_Doll_wa_Koi_wo_suru\\03\\16.jpg', 27);
INSERT INTO `manga_chapter_pages` (`id`, `name`, `file_dir`, `MCLink`) VALUES
(607, 'Sono_Bisque_Doll_wa_Koi_wo_suru-003-17', 'manga\\Sono_Bisque_Doll_wa_Koi_wo_suru\\03\\17.jpg', 27),
(608, 'Sono_Bisque_Doll_wa_Koi_wo_suru-003-18', 'manga\\Sono_Bisque_Doll_wa_Koi_wo_suru\\03\\18.jpg', 27),
(609, 'Sono_Bisque_Doll_wa_Koi_wo_suru-003-19', 'manga\\Sono_Bisque_Doll_wa_Koi_wo_suru\\03\\19.jpg', 27),
(610, 'Sono_Bisque_Doll_wa_Koi_wo_suru-003-20', 'manga\\Sono_Bisque_Doll_wa_Koi_wo_suru\\03\\20.jpg', 27),
(611, 'Sono_Bisque_Doll_wa_Koi_wo_suru-003-21', 'manga\\Sono_Bisque_Doll_wa_Koi_wo_suru\\03\\21.jpg', 27),
(612, 'Sono_Bisque_Doll_wa_Koi_wo_suru-004-01', 'manga\\Sono_Bisque_Doll_wa_Koi_wo_suru\\04\\01.png\r\n', 28),
(613, 'Sono_Bisque_Doll_wa_Koi_wo_suru-004-02', 'manga\\Sono_Bisque_Doll_wa_Koi_wo_suru\\04\\02.png\r\n', 28),
(614, 'Sono_Bisque_Doll_wa_Koi_wo_suru-004-03', 'manga\\Sono_Bisque_Doll_wa_Koi_wo_suru\\04\\03.png\r\n', 28),
(615, 'Sono_Bisque_Doll_wa_Koi_wo_suru-004-04', 'manga\\Sono_Bisque_Doll_wa_Koi_wo_suru\\04\\04.png\r\n', 28),
(616, 'Sono_Bisque_Doll_wa_Koi_wo_suru-004-05', 'manga\\Sono_Bisque_Doll_wa_Koi_wo_suru\\04\\05.png\r\n', 28),
(617, 'Sono_Bisque_Doll_wa_Koi_wo_suru-004-06', 'manga\\Sono_Bisque_Doll_wa_Koi_wo_suru\\04\\06.png\r\n', 28),
(618, 'Sono_Bisque_Doll_wa_Koi_wo_suru-004-07', 'manga\\Sono_Bisque_Doll_wa_Koi_wo_suru\\04\\07.png\r\n', 28),
(619, 'Sono_Bisque_Doll_wa_Koi_wo_suru-004-08', 'manga\\Sono_Bisque_Doll_wa_Koi_wo_suru\\04\\08.png\r\n', 28),
(620, 'Sono_Bisque_Doll_wa_Koi_wo_suru-004-09', 'manga\\Sono_Bisque_Doll_wa_Koi_wo_suru\\04\\09.png\r\n', 28),
(621, 'Sono_Bisque_Doll_wa_Koi_wo_suru-004-10', 'manga\\Sono_Bisque_Doll_wa_Koi_wo_suru\\04\\10.png\r\n', 28),
(622, 'Sono_Bisque_Doll_wa_Koi_wo_suru-004-11', 'manga\\Sono_Bisque_Doll_wa_Koi_wo_suru\\04\\11.png\r\n', 28),
(623, 'Sono_Bisque_Doll_wa_Koi_wo_suru-004-12', 'manga\\Sono_Bisque_Doll_wa_Koi_wo_suru\\04\\12.png\r\n', 28),
(624, 'Sono_Bisque_Doll_wa_Koi_wo_suru-004-13', 'manga\\Sono_Bisque_Doll_wa_Koi_wo_suru\\04\\13.png\r\n', 28),
(625, 'Sono_Bisque_Doll_wa_Koi_wo_suru-004-14', 'manga\\Sono_Bisque_Doll_wa_Koi_wo_suru\\04\\14.png\r\n', 28),
(626, 'Sono_Bisque_Doll_wa_Koi_wo_suru-004-15', 'manga\\Sono_Bisque_Doll_wa_Koi_wo_suru\\04\\15.png\r\n', 28),
(627, 'Sono_Bisque_Doll_wa_Koi_wo_suru-004-16', 'manga\\Sono_Bisque_Doll_wa_Koi_wo_suru\\04\\16.png\r\n', 28),
(628, 'Sono_Bisque_Doll_wa_Koi_wo_suru-004-17', 'manga\\Sono_Bisque_Doll_wa_Koi_wo_suru\\04\\17.png\r\n', 28),
(629, 'Sono_Bisque_Doll_wa_Koi_wo_suru-004-18', 'manga\\Sono_Bisque_Doll_wa_Koi_wo_suru\\04\\18.png\r\n', 28),
(630, 'Sono_Bisque_Doll_wa_Koi_wo_suru-004-19', 'manga\\Sono_Bisque_Doll_wa_Koi_wo_suru\\04\\19.png\r\n', 28),
(631, 'Sono_Bisque_Doll_wa_Koi_wo_suru-004-20', 'manga\\Sono_Bisque_Doll_wa_Koi_wo_suru\\04\\20.png\r\n', 28),
(632, 'Sono_Bisque_Doll_wa_Koi_wo_suru-05-01', 'manga\\Sono_Bisque_Doll_wa_Koi_wo_suru\\05\\01.jpg', 29),
(633, 'Sono_Bisque_Doll_wa_Koi_wo_suru-05-02', 'manga\\Sono_Bisque_Doll_wa_Koi_wo_suru\\05\\02.jpg', 29),
(634, 'Sono_Bisque_Doll_wa_Koi_wo_suru-05-03', 'manga\\Sono_Bisque_Doll_wa_Koi_wo_suru\\05\\03.jpg', 29),
(635, 'Sono_Bisque_Doll_wa_Koi_wo_suru-05-04', 'manga\\Sono_Bisque_Doll_wa_Koi_wo_suru\\05\\04.jpg', 29),
(636, 'Sono_Bisque_Doll_wa_Koi_wo_suru-05-05', 'manga\\Sono_Bisque_Doll_wa_Koi_wo_suru\\05\\05.jpg', 29),
(637, 'Sono_Bisque_Doll_wa_Koi_wo_suru-05-06', 'manga\\Sono_Bisque_Doll_wa_Koi_wo_suru\\05\\06.jpg', 29),
(638, 'Sono_Bisque_Doll_wa_Koi_wo_suru-05-07', 'manga\\Sono_Bisque_Doll_wa_Koi_wo_suru\\05\\07.jpg', 29),
(639, 'Sono_Bisque_Doll_wa_Koi_wo_suru-05-08', 'manga\\Sono_Bisque_Doll_wa_Koi_wo_suru\\05\\08.jpg', 29),
(640, 'Sono_Bisque_Doll_wa_Koi_wo_suru-05-09', 'manga\\Sono_Bisque_Doll_wa_Koi_wo_suru\\05\\09.jpg', 29),
(641, 'Sono_Bisque_Doll_wa_Koi_wo_suru-05-10', 'manga\\Sono_Bisque_Doll_wa_Koi_wo_suru\\05\\10.jpg', 29),
(642, 'Sono_Bisque_Doll_wa_Koi_wo_suru-05-11', 'manga\\Sono_Bisque_Doll_wa_Koi_wo_suru\\05\\11.jpg', 29),
(643, 'Sono_Bisque_Doll_wa_Koi_wo_suru-05-12', 'manga\\Sono_Bisque_Doll_wa_Koi_wo_suru\\05\\12.jpg', 29),
(644, 'Sono_Bisque_Doll_wa_Koi_wo_suru-05-13', 'manga\\Sono_Bisque_Doll_wa_Koi_wo_suru\\05\\13.jpg', 29),
(645, 'Sono_Bisque_Doll_wa_Koi_wo_suru-05-14', 'manga\\Sono_Bisque_Doll_wa_Koi_wo_suru\\05\\14.jpg', 29),
(646, 'Sono_Bisque_Doll_wa_Koi_wo_suru-05-15', 'manga\\Sono_Bisque_Doll_wa_Koi_wo_suru\\05\\15.jpg', 29),
(647, 'Sono_Bisque_Doll_wa_Koi_wo_suru-05-16', 'manga\\Sono_Bisque_Doll_wa_Koi_wo_suru\\05\\16.jpg', 29),
(648, 'Sono_Bisque_Doll_wa_Koi_wo_suru-05-17', 'manga\\Sono_Bisque_Doll_wa_Koi_wo_suru\\05\\17.jpg', 29),
(649, 'Sono_Bisque_Doll_wa_Koi_wo_suru-05-18', 'manga\\Sono_Bisque_Doll_wa_Koi_wo_suru\\05\\18.jpg', 29),
(650, 'Sono_Bisque_Doll_wa_Koi_wo_suru-05-19', 'manga\\Sono_Bisque_Doll_wa_Koi_wo_suru\\05\\19.jpg', 29),
(651, 'Sono_Bisque_Doll_wa_Koi_wo_suru-05-20', 'manga\\Sono_Bisque_Doll_wa_Koi_wo_suru\\05\\20.jpg', 29),
(652, 'Sono_Bisque_Doll_wa_Koi_wo_suru-05-21', 'manga\\Sono_Bisque_Doll_wa_Koi_wo_suru\\05\\21.jpg', 29),
(653, 'WonDance-01-01', 'manga\\WonDance\\01\\01.jpg', 32),
(654, 'WonDance-01-02', 'manga\\WonDance\\01\\02.jpg', 32),
(655, 'WonDance-01-03', 'manga\\WonDance\\01\\03.jpg', 32),
(656, 'WonDance-01-04', 'manga\\WonDance\\01\\04.jpg', 32),
(657, 'WonDance-01-05', 'manga\\WonDance\\01\\05.jpg', 32),
(658, 'WonDance-01-06', 'manga\\WonDance\\01\\06.jpg', 32),
(659, 'WonDance-01-07', 'manga\\WonDance\\01\\07.jpg', 32),
(660, 'WonDance-01-08', 'manga\\WonDance\\01\\08.jpg', 32),
(661, 'WonDance-01-09', 'manga\\WonDance\\01\\09.jpg', 32),
(662, 'WonDance-01-10', 'manga\\WonDance\\01\\10.jpg', 32),
(663, 'WonDance-01-11', 'manga\\WonDance\\01\\11.jpg', 32),
(664, 'WonDance-01-12', 'manga\\WonDance\\01\\12.jpg', 32),
(665, 'WonDance-01-13', 'manga\\WonDance\\01\\13.jpg', 32),
(666, 'WonDance-01-14', 'manga\\WonDance\\01\\14.jpg', 32),
(667, 'WonDance-01-15', 'manga\\WonDance\\01\\15.jpg', 32),
(668, 'WonDance-01-16', 'manga\\WonDance\\01\\16.jpg', 32),
(669, 'WonDance-01-17', 'manga\\WonDance\\01\\17.jpg', 32),
(670, 'WonDance-01-18', 'manga\\WonDance\\01\\18.jpg', 32),
(671, 'WonDance-01-19', 'manga\\WonDance\\01\\19.jpg', 32),
(672, 'WonDance-01-20', 'manga\\WonDance\\01\\20.jpg', 32),
(673, 'WonDance-01-21', 'manga\\WonDance\\01\\21.jpg', 32),
(674, 'WonDance-01-22', 'manga\\WonDance\\01\\22.jpg', 32),
(675, 'WonDance-01-23', 'manga\\WonDance\\01\\23.jpg', 32),
(676, 'WonDance-01-24', 'manga\\WonDance\\01\\24.jpg', 32),
(677, 'WonDance-01-25', 'manga\\WonDance\\01\\25.jpg', 32),
(678, 'WonDance-01-26', 'manga\\WonDance\\01\\26.jpg', 32),
(679, 'WonDance-01-27', 'manga\\WonDance\\01\\27.jpg', 32),
(680, 'WonDance-01-28', 'manga\\WonDance\\01\\28.jpg', 32),
(681, 'WonDance-01-29', 'manga\\WonDance\\01\\29.jpg', 32),
(682, 'WonDance-01-30', 'manga\\WonDance\\01\\30.jpg', 32),
(683, 'WonDance-01-31', 'manga\\WonDance\\01\\31.jpg', 32),
(684, 'WonDance-01-32', 'manga\\WonDance\\01\\32.jpg', 32),
(685, 'WonDance-01-33', 'manga\\WonDance\\01\\33.jpg', 32),
(686, 'WonDance-01-34', 'manga\\WonDance\\01\\34.jpg', 32),
(687, 'WonDance-01-35', 'manga\\WonDance\\01\\35.jpg', 32),
(688, 'WonDance-01-36', 'manga\\WonDance\\01\\36.jpg', 32),
(689, 'WonDance-01-37', 'manga\\WonDance\\01\\37.jpg', 32),
(690, 'WonDance-01-38', 'manga\\WonDance\\01\\38.jpg', 32),
(691, 'WonDance-01-39', 'manga\\WonDance\\01\\39.jpg', 32),
(692, 'WonDance-01-40', 'manga\\WonDance\\01\\40.jpg', 32),
(693, 'WonDance-01-41', 'manga\\WonDance\\01\\41.jpg', 32),
(694, 'WonDance-01-42', 'manga\\WonDance\\01\\42.jpg', 32),
(695, 'WonDance-01-43', 'manga\\WonDance\\01\\43.jpg', 32),
(696, 'WonDance-01-44', 'manga\\WonDance\\01\\44.jpg', 32),
(697, 'WonDance-01-45', 'manga\\WonDance\\01\\45.jpg', 32),
(698, 'WonDance-01-46', 'manga\\WonDance\\01\\46.jpg', 32),
(699, 'WonDance-01-47', 'manga\\WonDance\\01\\47.jpg', 32),
(700, 'WonDance-01-48', 'manga\\WonDance\\01\\48.jpg', 32),
(701, 'WonDance-01-49', 'manga\\WonDance\\01\\49.jpg', 32),
(702, 'WonDance-01-50', 'manga\\WonDance\\01\\50.jpg', 32),
(703, 'WonDance-01-51', 'manga\\WonDance\\01\\51.jpg', 32),
(704, 'WonDance-01-52', 'manga\\WonDance\\01\\52.jpg', 32),
(705, 'WonDance-01-53', 'manga\\WonDance\\01\\53.jpg', 32),
(706, 'WonDance-01-54', 'manga\\WonDance\\01\\54.jpg', 32),
(707, 'WonDance-01-55', 'manga\\WonDance\\01\\55.jpg', 32),
(708, 'WonDance-01-56', 'manga\\WonDance\\01\\56.jpg', 32),
(709, 'WonDance-01-57', 'manga\\WonDance\\01\\57.jpg', 32),
(710, 'WonDance-01-58', 'manga\\WonDance\\01\\58.jpg', 32),
(711, 'WonDance-02-01', 'manga\\WonDance\\02\\01.jpg', 33),
(712, 'WonDance-02-02', 'manga\\WonDance\\02\\02.jpg', 33),
(713, 'WonDance-02-03', 'manga\\WonDance\\02\\03.jpg', 33),
(714, 'WonDance-02-04', 'manga\\WonDance\\02\\04.jpg', 33),
(715, 'WonDance-02-05', 'manga\\WonDance\\02\\05.jpg', 33),
(716, 'WonDance-02-06', 'manga\\WonDance\\02\\06.jpg', 33),
(717, 'WonDance-02-07', 'manga\\WonDance\\02\\07.jpg', 33),
(718, 'WonDance-02-08', 'manga\\WonDance\\02\\08.jpg', 33),
(719, 'WonDance-02-09', 'manga\\WonDance\\02\\09.jpg', 33),
(720, 'WonDance-02-10', 'manga\\WonDance\\02\\10.jpg', 33),
(721, 'WonDance-02-11', 'manga\\WonDance\\02\\11.jpg', 33),
(722, 'WonDance-02-12', 'manga\\WonDance\\02\\12.jpg', 33),
(723, 'WonDance-02-13', 'manga\\WonDance\\02\\13.jpg', 33),
(724, 'WonDance-02-14', 'manga\\WonDance\\02\\14.jpg', 33),
(725, 'WonDance-02-15', 'manga\\WonDance\\02\\15.jpg', 33),
(726, 'WonDance-02-16', 'manga\\WonDance\\02\\16.jpg', 33),
(727, 'WonDance-02-17', 'manga\\WonDance\\02\\17.jpg', 33),
(728, 'WonDance-02-18', 'manga\\WonDance\\02\\18.jpg', 33),
(729, 'WonDance-02-19', 'manga\\WonDance\\02\\19.jpg', 33),
(730, 'WonDance-02-20', 'manga\\WonDance\\02\\20.jpg', 33),
(731, 'WonDance-02-21', 'manga\\WonDance\\02\\21.jpg', 33),
(732, 'WonDance-02-22', 'manga\\WonDance\\02\\22.jpg', 33),
(733, 'WonDance-02-23', 'manga\\WonDance\\02\\23.jpg', 33),
(734, 'WonDance-02-24', 'manga\\WonDance\\02\\24.jpg', 33),
(735, 'WonDance-02-25', 'manga\\WonDance\\02\\25.jpg', 33),
(736, 'WonDance-02-26', 'manga\\WonDance\\02\\26.jpg', 33),
(737, 'WonDance-02-27', 'manga\\WonDance\\02\\27.jpg', 33),
(738, 'WonDance-02-28', 'manga\\WonDance\\02\\28.jpg', 33),
(739, 'WonDance-02-29', 'manga\\WonDance\\02\\29.jpg', 33),
(740, 'WonDance-02-30', 'manga\\WonDance\\02\\30.jpg', 33),
(741, 'WonDance-02-31', 'manga\\WonDance\\02\\31.jpg', 33),
(742, 'WonDance-02-32', 'manga\\WonDance\\02\\32.jpg', 33),
(743, 'WonDance-02-33', 'manga\\WonDance\\02\\33.jpg', 33),
(744, 'WonDance-02-34', 'manga\\WonDance\\02\\34.jpg', 33),
(745, 'WonDance-02-35', 'manga\\WonDance\\02\\35.jpg', 33),
(746, 'WonDance-02-36', 'manga\\WonDance\\02\\36.jpg', 33),
(747, 'WonDance-02-37', 'manga\\WonDance\\02\\37.jpg', 33),
(748, 'WonDance-02-38', 'manga\\WonDance\\02\\38.jpg', 33),
(749, 'WonDance-02-39', 'manga\\WonDance\\02\\39.jpg', 33),
(750, 'WonDance-02-40', 'manga\\WonDance\\02\\40.jpg', 33),
(751, 'WonDance-02-41', 'manga\\WonDance\\02\\41.jpg', 33),
(752, 'WonDance-02-42', 'manga\\WonDance\\02\\42.jpg', 33),
(753, 'WonDance-02-43', 'manga\\WonDance\\02\\43.jpg', 33),
(754, 'WonDance-02-44', 'manga\\WonDance\\02\\44.jpg', 33),
(755, 'WonDance-02-45', 'manga\\WonDance\\02\\45.jpg', 33),
(756, 'WonDance-02-46', 'manga\\WonDance\\02\\46.jpg', 33),
(757, 'WonDance-02-47', 'manga\\WonDance\\02\\47.jpg', 33),
(758, 'WonDance-02-48', 'manga\\WonDance\\02\\48.jpg', 33),
(759, 'WonDance-03-01', 'manga\\WonDance\\03\\01.jpg', 34),
(760, 'WonDance-03-02', 'manga\\WonDance\\03\\02.jpg', 34),
(761, 'WonDance-03-03', 'manga\\WonDance\\03\\03.jpg', 34),
(762, 'WonDance-03-04', 'manga\\WonDance\\03\\04.jpg', 34),
(763, 'WonDance-03-05', 'manga\\WonDance\\03\\05.jpg', 34),
(764, 'WonDance-03-06', 'manga\\WonDance\\03\\06.jpg', 34),
(765, 'WonDance-03-07', 'manga\\WonDance\\03\\07.jpg', 34),
(766, 'WonDance-03-08', 'manga\\WonDance\\03\\08.jpg', 34),
(767, 'WonDance-03-09', 'manga\\WonDance\\03\\09.jpg', 34),
(768, 'WonDance-03-10', 'manga\\WonDance\\03\\10.jpg', 34),
(769, 'WonDance-03-11', 'manga\\WonDance\\03\\11.jpg', 34),
(770, 'WonDance-03-12', 'manga\\WonDance\\03\\12.jpg', 34),
(771, 'WonDance-03-13', 'manga\\WonDance\\03\\13.jpg', 34),
(772, 'WonDance-03-14', 'manga\\WonDance\\03\\14.jpg', 34),
(773, 'WonDance-03-15', 'manga\\WonDance\\03\\15.jpg', 34),
(774, 'WonDance-03-16', 'manga\\WonDance\\03\\16.jpg', 34),
(775, 'WonDance-03-17', 'manga\\WonDance\\03\\17.jpg', 34),
(776, 'WonDance-03-18', 'manga\\WonDance\\03\\18.jpg', 34),
(777, 'WonDance-03-19', 'manga\\WonDance\\03\\19.jpg', 34),
(778, 'WonDance-03-20', 'manga\\WonDance\\03\\20.jpg', 34),
(779, 'WonDance-03-21', 'manga\\WonDance\\03\\21.jpg', 34),
(780, 'WonDance-03-22', 'manga\\WonDance\\03\\22.jpg', 34),
(781, 'WonDance-03-23', 'manga\\WonDance\\03\\23.jpg', 34),
(782, 'WonDance-03-24', 'manga\\WonDance\\03\\24.jpg', 34),
(783, 'WonDance-03-25', 'manga\\WonDance\\03\\25.jpg', 34),
(784, 'WonDance-03-26', 'manga\\WonDance\\03\\26.jpg', 34),
(785, 'WonDance-03-27', 'manga\\WonDance\\03\\27.jpg', 34),
(786, 'WonDance-03-28', 'manga\\WonDance\\03\\28.jpg', 34),
(787, 'WonDance-03-29', 'manga\\WonDance\\03\\29.jpg', 34),
(788, 'WonDance-03-30', 'manga\\WonDance\\03\\30.jpg', 34),
(789, 'WonDance-03-31', 'manga\\WonDance\\03\\31.jpg', 34),
(790, 'WonDance-03-32', 'manga\\WonDance\\03\\32.jpg', 34),
(791, 'WonDance-03-33', 'manga\\WonDance\\03\\33.jpg', 34),
(792, 'WonDance-03-34', 'manga\\WonDance\\03\\34.jpg', 34),
(793, 'WonDance-03-35', 'manga\\WonDance\\03\\35.jpg', 34),
(794, 'WonDance-03-36', 'manga\\WonDance\\03\\36.jpg', 34),
(795, 'WonDance-03-37', 'manga\\WonDance\\03\\37.jpg', 34),
(796, 'WonDance-03-38', 'manga\\WonDance\\03\\38.jpg', 34),
(797, 'WonDance-03-39', 'manga\\WonDance\\03\\39.jpg', 34),
(798, 'WonDance-03-40', 'manga\\WonDance\\03\\40.jpg', 34),
(799, 'WonDance-03-41', 'manga\\WonDance\\03\\41.jpg', 34),
(800, 'WonDance-03-42', 'manga\\WonDance\\03\\42.jpg', 34),
(801, 'WonDance-03-43', 'manga\\WonDance\\03\\43.jpg', 34),
(802, 'WonDance-03-44', 'manga\\WonDance\\03\\44.jpg', 34),
(803, 'WonDance-03-45', 'manga\\WonDance\\03\\45.jpg', 34),
(804, 'WonDance-03-46', 'manga\\WonDance\\03\\46.jpg', 34),
(805, 'WonDance-03-47', 'manga\\WonDance\\03\\47.jpg', 34),
(806, 'WonDance-03-48', 'manga\\WonDance\\03\\48.jpg', 34),
(807, 'WonDance-03-49', 'manga\\WonDance\\03\\49.jpg', 34),
(808, 'WonDance-03-50', 'manga\\WonDance\\03\\50.jpg', 34),
(809, 'WonDance-03-51', 'manga\\WonDance\\03\\51.jpg', 34),
(810, 'WonDance-03-52', 'manga\\WonDance\\03\\52.jpg', 34),
(811, 'WonDance-03-53', 'manga\\WonDance\\03\\53.jpg', 34),
(812, 'WonDance-03-54', 'manga\\WonDance\\03\\54.jpg', 34),
(813, 'WonDance-03-55', 'manga\\WonDance\\03\\55.jpg', 34),
(814, 'WonDance-03-56', 'manga\\WonDance\\03\\56.jpg', 34),
(815, 'WonDance-03-57', 'manga\\WonDance\\03\\57.jpg', 34),
(816, 'WonDance-03-58', 'manga\\WonDance\\03\\58.jpg', 34),
(817, 'WonDance-03-59', 'manga\\WonDance\\03\\59.jpg', 34),
(818, 'WonDance-03-60', 'manga\\WonDance\\03\\60.jpg', 34),
(819, 'WonDance-03-61', 'manga\\WonDance\\03\\61.jpg', 34),
(820, 'WonDance-03-62', 'manga\\WonDance\\03\\62.jpg', 34),
(821, 'WonDance-03-63', 'manga\\WonDance\\03\\63.jpg', 34),
(822, 'WonDance-03-64', 'manga\\WonDance\\03\\64.jpg', 34),
(823, 'WonDance-03-65', 'manga\\WonDance\\03\\65.jpg', 34),
(824, 'WonDance-03-66', 'manga\\WonDance\\03\\66.jpg', 34),
(825, 'WonDance-03-67', 'manga\\WonDance\\03\\67.jpg', 34),
(826, 'WonDance-03-68', 'manga\\WonDance\\03\\68.jpg', 34),
(827, 'WonDance-03-69', 'manga\\WonDance\\03\\69.jpg', 34),
(828, 'WonDance-03-70', 'manga\\WonDance\\03\\70.jpg', 34),
(829, 'WonDance-03-71', 'manga\\WonDance\\03\\71.jpg', 34),
(830, 'WonDance-03-72', 'manga\\WonDance\\03\\72.jpg', 34),
(831, 'WonDance-03-73', 'manga\\WonDance\\03\\73.jpg', 34),
(832, 'WonDance-03-74', 'manga\\WonDance\\03\\74.jpg', 34),
(833, 'WonDance-03-75', 'manga\\WonDance\\03\\75.jpg', 34),
(834, 'WonDance-03-76', 'manga\\WonDance\\03\\76.jpg', 34),
(835, 'WonDance-03-77', 'manga\\WonDance\\03\\77.jpg', 34),
(836, 'WonDance-03-78', 'manga\\WonDance\\03\\78.jpg', 34),
(837, 'WonDance-03-79', 'manga\\WonDance\\03\\79.jpg', 34),
(838, 'WonDance-04-01', 'manga\\WonDance\\04\\01.jpg', 35),
(839, 'WonDance-04-02', 'manga\\WonDance\\04\\02.jpg', 35),
(840, 'WonDance-04-02', 'manga\\WonDance\\04\\02.jpg', 35),
(841, 'WonDance-04-03', 'manga\\WonDance\\04\\03.jpg', 35),
(842, 'WonDance-04-04', 'manga\\WonDance\\04\\04.jpg', 35),
(843, 'WonDance-04-05', 'manga\\WonDance\\04\\05.jpg', 35),
(844, 'WonDance-04-06', 'manga\\WonDance\\04\\06.jpg', 35),
(845, 'WonDance-04-07', 'manga\\WonDance\\04\\07.jpg', 35),
(846, 'WonDance-04-08', 'manga\\WonDance\\04\\08.jpg', 35),
(847, 'WonDance-04-09', 'manga\\WonDance\\04\\09.jpg', 35),
(848, 'WonDance-04-10', 'manga\\WonDance\\04\\10.jpg', 35),
(849, 'WonDance-04-11', 'manga\\WonDance\\04\\11.jpg', 35),
(850, 'WonDance-04-12', 'manga\\WonDance\\04\\12.jpg', 35),
(851, 'WonDance-04-13', 'manga\\WonDance\\04\\13.jpg', 35),
(852, 'WonDance-04-14', 'manga\\WonDance\\04\\14.jpg', 35),
(853, 'WonDance-04-15', 'manga\\WonDance\\04\\15.jpg', 35),
(854, 'WonDance-04-16', 'manga\\WonDance\\04\\16.jpg', 35),
(855, 'WonDance-04-17', 'manga\\WonDance\\04\\17.jpg', 35),
(856, 'WonDance-04-18', 'manga\\WonDance\\04\\18.jpg', 35),
(857, 'WonDance-04-19', 'manga\\WonDance\\04\\19.jpg', 35),
(858, 'WonDance-04-20', 'manga\\WonDance\\04\\20.jpg', 35),
(859, 'WonDance-04-21', 'manga\\WonDance\\04\\21.jpg', 35),
(860, 'WonDance-04-22', 'manga\\WonDance\\04\\22.jpg', 35),
(861, 'WonDance-04-23', 'manga\\WonDance\\04\\23.jpg', 35),
(862, 'WonDance-04-24', 'manga\\WonDance\\04\\24.jpg', 35),
(863, 'WonDance-04-25', 'manga\\WonDance\\04\\25.jpg', 35),
(864, 'WonDance-04-26', 'manga\\WonDance\\04\\26.jpg', 35),
(865, 'WonDance-04-27', 'manga\\WonDance\\04\\27.jpg', 35),
(866, 'WonDance-04-28', 'manga\\WonDance\\04\\28.jpg', 35),
(867, 'WonDance-04-29', 'manga\\WonDance\\04\\29.jpg', 35),
(868, 'WonDance-04-30', 'manga\\WonDance\\04\\30.jpg', 35),
(869, 'WonDance-04-31', 'manga\\WonDance\\04\\31.jpg', 35),
(870, 'WonDance-04-32', 'manga\\WonDance\\04\\32.jpg', 35),
(871, 'WonDance-04-33', 'manga\\WonDance\\04\\33.jpg', 35),
(872, 'WonDance-04-34', 'manga\\WonDance\\04\\34.jpg', 35),
(873, 'WonDance-04-35', 'manga\\WonDance\\04\\35.jpg', 35),
(874, 'WonDance-04-36', 'manga\\WonDance\\04\\36.jpg', 35),
(875, 'WonDance-04-37', 'manga\\WonDance\\04\\37.jpg', 35),
(876, 'WonDance-04-38', 'manga\\WonDance\\04\\38.jpg', 35),
(877, 'WonDance-04-39', 'manga\\WonDance\\04\\39.jpg', 35),
(878, 'WonDance-04-40', 'manga\\WonDance\\04\\40.jpg', 35),
(879, 'WonDance-04-41', 'manga\\WonDance\\04\\41.jpg', 35),
(880, 'WonDance-04-42', 'manga\\WonDance\\04\\42.jpg', 35),
(881, 'WonDance-04-43', 'manga\\WonDance\\04\\43.jpg', 35),
(882, 'WonDance-04-44', 'manga\\WonDance\\04\\44.jpg', 35),
(883, 'WonDance-04-45', 'manga\\WonDance\\04\\45.jpg', 35),
(884, 'WonDance-05-01', 'manga\\WonDance\\05\\01.jpg\r\n', 36),
(885, 'WonDance-05-02', 'manga\\WonDance\\05\\02.jpg\r\n', 36),
(886, 'WonDance-05-03', 'manga\\WonDance\\05\\03.jpg\r\n', 36),
(887, 'WonDance-05-04', 'manga\\WonDance\\05\\04.jpg\r\n', 36),
(888, 'WonDance-05-05', 'manga\\WonDance\\05\\05.jpg\r\n', 36),
(889, 'WonDance-05-06', 'manga\\WonDance\\05\\06.jpg\r\n', 36),
(890, 'WonDance-05-07', 'manga\\WonDance\\05\\07.jpg\r\n', 36),
(891, 'WonDance-05-08', 'manga\\WonDance\\05\\08.jpg\r\n', 36),
(892, 'WonDance-05-09', 'manga\\WonDance\\05\\09.jpg\r\n', 36),
(893, 'WonDance-05-10', 'manga\\WonDance\\05\\10.jpg\r\n', 36),
(894, 'WonDance-05-11', 'manga\\WonDance\\05\\11.jpg\r\n', 36),
(895, 'WonDance-05-12', 'manga\\WonDance\\05\\12.jpg\r\n', 36),
(896, 'WonDance-05-13', 'manga\\WonDance\\05\\13.jpg\r\n', 36),
(897, 'WonDance-05-14', 'manga\\WonDance\\05\\14.jpg\r\n', 36),
(898, 'WonDance-05-15', 'manga\\WonDance\\05\\15.jpg\r\n', 36),
(899, 'WonDance-05-16', 'manga\\WonDance\\05\\16.jpg\r\n', 36),
(900, 'WonDance-05-17', 'manga\\WonDance\\05\\17.jpg\r\n', 36),
(901, 'WonDance-05-18', 'manga\\WonDance\\05\\18.jpg\r\n', 36),
(902, 'WonDance-05-19', 'manga\\WonDance\\05\\19.jpg\r\n', 36),
(903, 'WonDance-05-20', 'manga\\WonDance\\05\\20.jpg\r\n', 36),
(904, 'WonDance-05-21', 'manga\\WonDance\\05\\21.jpg\r\n', 36),
(905, 'WonDance-05-22', 'manga\\WonDance\\05\\22.jpg\r\n', 36),
(906, 'WonDance-05-23', 'manga\\WonDance\\05\\23.jpg\r\n', 36),
(907, 'WonDance-05-24', 'manga\\WonDance\\05\\24.jpg\r\n', 36),
(908, 'WonDance-05-25', 'manga\\WonDance\\05\\25.jpg\r\n', 36),
(909, 'WonDance-05-26', 'manga\\WonDance\\05\\26.jpg\r\n', 36),
(910, 'WonDance-05-27', 'manga\\WonDance\\05\\27.jpg\r\n', 36),
(911, 'WonDance-05-28', 'manga\\WonDance\\05\\28.jpg\r\n', 36),
(912, 'WonDance-05-29', 'manga\\WonDance\\05\\29.jpg\r\n', 36),
(913, 'WonDance-05-30', 'manga\\WonDance\\05\\30.jpg\r\n', 36),
(914, 'WonDance-05-31', 'manga\\WonDance\\05\\31.jpg\r\n', 36),
(915, 'WonDance-05-32', 'manga\\WonDance\\05\\32.jpg\r\n', 36),
(916, 'WonDance-05-33', 'manga\\WonDance\\05\\33.jpg\r\n', 36),
(917, 'WonDance-05-34', 'manga\\WonDance\\05\\34.jpg\r\n', 36),
(918, 'WonDance-05-35', 'manga\\WonDance\\05\\35.jpg\r\n', 36),
(919, 'WonDance-05-36', 'manga\\WonDance\\05\\36.jpg\r\n', 36),
(920, 'WonDance-05-37', 'manga\\WonDance\\05\\37.jpg\r\n', 36),
(921, 'WonDance-05-38', 'manga\\WonDance\\05\\38.jpg\r\n', 36),
(922, 'WonDance-05-39', 'manga\\WonDance\\05\\39.jpg\r\n', 36),
(923, 'WonDance-05-40', 'manga\\WonDance\\05\\40.jpg\r\n', 36),
(924, 'WonDance-05-41', 'manga\\WonDance\\05\\41.jpg\r\n', 36),
(925, 'WonDance-05-42', 'manga\\WonDance\\05\\42.jpg\r\n', 36),
(926, 'WonDance-05-43', 'manga\\WonDance\\05\\43.jpg\r\n', 36),
(927, 'WonDance-05-44', 'manga\\WonDance\\05\\44.jpg\r\n', 36),
(928, 'WonDance-05-45', 'manga\\WonDance\\05\\45.jpg\r\n', 36),
(929, 'WonDance-05-46', 'manga\\WonDance\\05\\46.jpg\r\n', 36);

--
-- Indexes for dumped tables
--

--
-- Indexes for table `manga`
--
ALTER TABLE `manga`
  ADD PRIMARY KEY (`manga_id`);

--
-- Indexes for table `manga_chapter`
--
ALTER TABLE `manga_chapter`
  ADD PRIMARY KEY (`chap_id`),
  ADD KEY `manga_FK` (`manga_id`);

--
-- Indexes for table `manga_chapter_pages`
--
ALTER TABLE `manga_chapter_pages`
  ADD PRIMARY KEY (`id`),
  ADD KEY `chapter_FK` (`MCLink`);

--
-- AUTO_INCREMENT for dumped tables
--

--
-- AUTO_INCREMENT for table `manga`
--
ALTER TABLE `manga`
  MODIFY `manga_id` int(11) NOT NULL AUTO_INCREMENT, AUTO_INCREMENT=9;

--
-- AUTO_INCREMENT for table `manga_chapter`
--
ALTER TABLE `manga_chapter`
  MODIFY `chap_id` int(11) NOT NULL AUTO_INCREMENT, AUTO_INCREMENT=37;

--
-- AUTO_INCREMENT for table `manga_chapter_pages`
--
ALTER TABLE `manga_chapter_pages`
  MODIFY `id` int(11) NOT NULL AUTO_INCREMENT, AUTO_INCREMENT=930;

--
-- Constraints for dumped tables
--

--
-- Constraints for table `manga_chapter`
--
ALTER TABLE `manga_chapter`
  ADD CONSTRAINT `manga_FK` FOREIGN KEY (`manga_id`) REFERENCES `manga` (`manga_id`) ON DELETE CASCADE ON UPDATE CASCADE;

--
-- Constraints for table `manga_chapter_pages`
--
ALTER TABLE `manga_chapter_pages`
  ADD CONSTRAINT `chapter_FK` FOREIGN KEY (`MCLink`) REFERENCES `manga_chapter` (`chap_id`) ON DELETE CASCADE ON UPDATE CASCADE;
COMMIT;

/*!40101 SET CHARACTER_SET_CLIENT=@OLD_CHARACTER_SET_CLIENT */;
/*!40101 SET CHARACTER_SET_RESULTS=@OLD_CHARACTER_SET_RESULTS */;
/*!40101 SET COLLATION_CONNECTION=@OLD_COLLATION_CONNECTION */;
